{"type":"FeatureCollection","source":"https://tigerweb.geo.census.gov/arcgis/rest/services/TIGERweb/Tracts_Blocks/MapServer/2/query (2020 Census Blocks)","features":[{"type":"Feature","geometry":{"type":"Polygon","coordinates":[[[383982.72631828603,3768971.842120485],[383977.6536885728,3768964.6955560613],[383983.8614152908,3768951.532451844],[383984.7625856361,3768949.746884288],[384001.8493916724,3768973.0489130835],[384018.4570058975,3768994.9151217504],[384049.7010342547,3769036.0101226536],[384086.0169051697,3769076.710205289],[384093.42674198607,3769086.2680389835],[384079.8977146478,3769097.0811105925],[384072.21511897154,3769087.8593703476],[384038.93133316876,3769046.01303587],[383998.3986669394,3768992.7216126975],[383982.72631828603,3768971.842120485]]]},"properties":{"GEOID":"060372092021005","POP100":0,"HU100":0,"AREALAND":2623}},{"type":"Feature","geometry":{"type":"Polygon","coordinates":[[[385444.91616198054,3769100.9369283067],[385442.9483734785,3769098.5208306224],[385454.83636664285,3769089.282370301],[385530.65254104446,3769030.914022359],[385542.35883375467,3769021.8996885126],[385544.2343307286,3769024.3168621594],[385556.89181171544,3769040.466482716],[385456.1650761044,3769115.107144766],[385444.91616198054,3769100.9369283067]]]},"properties":{"GEOID":"060372071021022","POP100":0,"HU100":0,"AREALAND":2813}},{"type":"Feature","geometry":{"type":"Polygon","coordinates":[[[384116.06194754556,3769117.9310302376],[384093.42674198607,3769086.2680389835],[384137.7599492561,3769050.677697537],[384167.5422943125,3769025.3584034364],[384223.81870496774,3768977.533239492],[384349.9894475095,3769134.360109058],[384234.08271104126,3769227.388799919],[384228.9645546524,3769231.555110376],[384220.829296971,3769238.087363812],[384200.7968172174,3769215.37561344],[384141.7263675246,3769148.2260694318],[384116.06194754556,3769117.9310302376]]]},"properties":{"GEOID":"060372075012001","POP100":0,"HU100":0,"AREALAND":33765}},{"type":"Feature","geometry":{"type":"Polygon","coordinates":[[[384525.6903332869,3768480.7504658657],[384590.1473782799,3768429.6113607674],[384715.7771781735,3768587.4478537682],[384651.68703106686,3768638.3597394787],[384525.6903332869,3768480.7504658657]]]},"properties":{"GEOID":"060372075021001","POP100":0,"HU100":0,"AREALAND":16565}},{"type":"Feature","geometry":{"type":"Polygon","coordinates":[[[385243.85714046744,3768644.3421168304],[385136.7051060426,3768509.6751368376],[385244.5440153388,3768427.4032992227],[385334.63595866004,3768563.6093378896],[385243.85714046744,3768644.3421168304]]]},"properties":{"GEOID":"060372074001032","POP100":0,"HU100":0,"AREALAND":21498}},{"type":"Feature","geometry":{"type":"Polygon","coordinates":[[[385634.7515691789,3768983.0722885774],[385633.62515631726,3768981.5332494625],[385718.22592619696,3768916.6275387174],[385739.19942972716,3768902.954204048],[385758.4502696651,3768891.852538987],[385763.8727780725,3768920.400481526],[385781.03512236185,3769011.3567075273],[385793.5588586036,3769077.5263784793],[385800.85678617255,3769116.143924948],[385739.3606454282,3769122.2114222124],[385689.35394886095,3769055.608322811],[385634.7515691789,3768983.0722885774]]]},"properties":{"GEOID":"060372071021019","POP100":22,"HU100":0,"AREALAND":20828}},{"type":"Feature","geometry":{"type":"Polygon","coordinates":[[[385544.2343307286,3769024.3168621594],[385542.35883375467,3769021.8996885126],[385619.4587662509,3768962.7401605938],[385633.62515631726,3768981.5332494625],[385628.8687585943,3768985.1398113654],[385556.89181171544,3769040.466482716],[385544.2343307286,3769024.3168621594]]]},"properties":{"GEOID":"060372071021021","POP100":0,"HU100":0,"AREALAND":2284}},{"type":"Feature","geometry":{"type":"Polygon","coordinates":[[[383581.2346773465,3768961.7010924728],[383604.899663212,3768949.4315035925],[383748.7213611791,3768874.572492247],[383761.6548183035,3768867.869819361],[383812.97194561485,3768964.724445286],[383864.289342391,3769061.6902348753],[383683.9644215353,3769155.518422717],[383632.6455124839,3769058.5536078755],[383581.2346773465,3768961.7010924728]]]},"properties":{"GEOID":"060372092021009","POP100":0,"HU100":0,"AREALAND":44609}},{"type":"Feature","geometry":{"type":"Polygon","coordinates":[[[384885.9075247987,3768193.322071667],[384928.29104631214,3768148.6652279985],[384978.04371855356,3768095.046491401],[385041.2446303796,3768145.071508636],[385055.3958024693,3768162.422285337],[385114.1528463997,3768234.239278437],[385053.39507415344,3768278.675298732],[385036.468853463,3768291.1917420155],[385018.85450094996,3768345.749796879],[385011.6273722232,3768351.1612549773],[384885.9075247987,3768193.322071667]]]},"properties":{"GEOID":"060372073061003","POP100":199,"HU100":107,"AREALAND":28045}},{"type":"Feature","geometry":{"type":"Polygon","coordinates":[[[385473.9985779365,3768439.2571323696],[385512.9985191537,3768404.7363946615],[385542.0440220951,3768379.097932071],[385597.5752521367,3768329.8486652174],[385601.68455041794,3768326.138999498],[385623.7880403156,3768306.573825766],[385637.590445495,3768302.8577156095],[385725.09517881967,3768279.062847127],[385728.3031355926,3768353.441215468],[385732.4363373786,3768450.876585826],[385734.90385851066,3768509.8481540307],[385583.6327239882,3768664.8396689855],[385567.3017545603,3768604.5943392096],[385543.73132140597,3768548.762087254],[385538.31428981526,3768535.9627627544],[385528.90629162174,3768513.7849619775],[385473.9985779365,3768439.2571323696]]]},"properties":{"GEOID":"060372062021000","POP100":87,"HU100":82,"AREALAND":57480}},{"type":"Feature","geometry":{"type":"Polygon","coordinates":[[[383571.94223637565,3768582.406419578],[383584.13344623335,3768575.3799705086],[383592.08559372154,3768568.960250806],[383600.3120385939,3768562.315434692],[383672.95272679854,3768613.8787169815],[383699.22312067816,3768633.185445122],[383725.88583787135,3768654.372862741],[383737.737635713,3768664.762958084],[383763.2357375252,3768688.8483569953],[383768.65732805483,3768694.326882075],[383767.5934452709,3768697.8889825786],[383764.3580355176,3768705.0267328816],[383763.1922342347,3768707.813753862],[383756.5786412902,3768717.9876333973],[383750.48334584746,3768725.2715227986],[383741.73320685857,3768734.3626359147],[383701.2208695376,3768682.9575607465],[383689.34583070665,3768670.682409974],[383676.1950184636,3768659.753845552],[383664.37183432624,3768651.692473397],[383650.12287727976,3768641.553787272],[383635.38368963235,3768629.092138541],[383629.4081964507,3768623.620472937],[383571.94223637565,3768582.406419578]]]},"properties":{"GEOID":"060372092011002","POP100":0,"HU100":0,"AREALAND":8208}},{"type":"Feature","geometry":{"type":"Polygon","coordinates":[[[383785.3750046374,3768582.54980009],[383795.8580863646,3768564.2322677947],[383845.74044798047,3768506.8347656275],[383971.8339907028,3768663.8797949725],[383921.5572637422,3768704.2019431544],[383909.67283527914,3768713.6641801344],[383886.35936513485,3768717.056165128],[383876.0573985959,3768697.5525533194],[383867.31400368625,3768684.6840793877],[383785.3750046374,3768582.54980009]]]},"properties":{"GEOID":"060372077111000","POP100":21,"HU100":4,"AREALAND":18216}},{"type":"Feature","geometry":{"type":"Polygon","coordinates":[[[383225.1797056053,3769095.082048764],[383297.9150467393,3769057.3618892166],[383414.6138253318,3769230.8189024827],[383418.17437719705,3769235.1002806155],[383426.40442454035,3769243.7602747474],[383436.9404472966,3769252.280861067],[383447.17086748494,3769258.476196616],[383456.3613295211,3769262.6880691485],[383465.53809430473,3769265.7910303418],[383468.40330623026,3769266.0883797356],[383473.0057002708,3769265.0334154502],[383520.51838341757,3769240.4913498526],[383570.5522881683,3769338.0259589492],[383412.1111287959,3769416.8393503902],[383399.26829318894,3769423.319680078],[383225.1797056053,3769095.082048764]]]},"properties":{"GEOID":"060372091032000","POP100":1139,"HU100":388,"AREALAND":46670}},{"type":"Feature","geometry":{"type":"Polygon","coordinates":[[[385633.62515631726,3768981.5332494625],[385619.4587662509,3768962.7401605938],[385700.49088346853,3768900.4282771186],[385718.061510414,3768887.794249783],[385727.03547039453,3768881.8076456934],[385755.16671339737,3768864.6097067893],[385757.9364550758,3768887.533471872],[385758.4502696651,3768891.852538987],[385739.19942972716,3768902.954204048],[385718.22592619696,3768916.6275387174],[385633.62515631726,3768981.5332494625]]]},"properties":{"GEOID":"060372071021020","POP100":0,"HU100":0,"AREALAND":3837}},{"type":"Feature","geometry":{"type":"Polygon","coordinates":[[[384543.57157601643,3768969.1813917286],[384499.22217035014,3768913.0510723772],[384595.21510286455,3768836.683353207],[384645.84164341766,3768900.389882835],[384548.7523148512,3768977.6577339196],[384543.57157601643,3768969.1813917286]]]},"properties":{"GEOID":"060372075022002","POP100":32,"HU100":3,"AREALAND":10003}},{"type":"Feature","geometry":{"type":"Polygon","coordinates":[[[384321.5501984238,3768900.1431074464],[384324.1590191828,3768902.107436055],[384352.3328690496,3768926.2724472517],[384366.1910403592,3768934.7533886423],[384383.1886640241,3768943.3067502347],[384402.4733180458,3768950.1685777893],[384429.7143910156,3768958.485739435],[384458.4892268128,3768963.900597079],[384471.81248641567,3768966.3992882827],[384512.71468253667,3768974.6604515333],[384536.77401030983,3768987.0093558654],[384508.5680253341,3768990.348795876],[384456.95812702755,3768982.1078495705],[384415.7070644788,3768975.5148358145],[384397.19482412864,3768971.416128259],[384387.27971131646,3768968.321291361],[384367.96121154807,3768958.6872544894],[384350.17900786514,3768946.372772814],[384321.5501984238,3768900.1431074464]]]},"properties":{"GEOID":"060372075022000","POP100":0,"HU100":0,"AREALAND":3755}},{"type":"Feature","geometry":{"type":"Polygon","coordinates":[[[384079.8977146478,3769097.0811105925],[384093.42674198607,3769086.2680389835],[384116.06194754556,3769117.9310302376],[384141.7263675246,3769148.2260694318],[384200.7968172174,3769215.37561344],[384220.829296971,3769238.087363812],[384242.64103841456,3769262.8845955175],[384333.5339561192,3769365.910931755],[384321.73284932505,3769374.5952982754],[384267.067247648,3769312.7144947615],[384209.40131390333,3769247.10004276],[384128.0506602513,3769154.6045855726],[384079.8977146478,3769097.0811105925]]]},"properties":{"GEOID":"060372080011009","POP100":0,"HU100":0,"AREALAND":5410}},{"type":"Feature","geometry":{"type":"Polygon","coordinates":[[[385762.90146770584,3769305.4743478363],[385805.63543947274,3769297.5267105754],[385808.8522926436,3769296.3787288424],[385833.3872161663,3769287.2095869426],[385848.4627741074,3769365.9916564506],[385862.06524369423,3769437.4718291066],[385762.90146770584,3769305.4743478363]]]},"properties":{"GEOID":"060372071021012","POP100":0,"HU100":0,"AREALAND":5452}},{"type":"Feature","geometry":{"type":"Polygon","coordinates":[[[384396.8672678969,3769396.9650692567],[384357.68598548975,3769348.2028563824],[384457.87657514994,3769268.3439625907],[384514.0231974585,3769338.192867573],[384396.8672678969,3769396.9650692567]]]},"properties":{"GEOID":"060372074001033","POP100":0,"HU100":0,"AREALAND":9753}},{"type":"Feature","geometry":{"type":"Polygon","coordinates":[[[385848.4627741074,3769365.9916564506],[385833.3872161663,3769287.2095869426],[386087.3397533126,3769196.859631189],[386153.51580627577,3769173.2149819476],[386213.90305441694,3769151.7477582614],[386209.1635053351,3769202.7101895055],[386203.99744715507,3769233.6039864873],[386200.84831404785,3769293.9741847357],[386204.0447708283,3769344.7300957055],[386276.88443492743,3769368.584103078],[386224.1007922005,3769431.105018607],[386209.6296202497,3769448.1369812563],[386123.7212563891,3769549.8745849407],[386112.8791138666,3769561.650407328],[386102.84630535945,3769571.642022873],[386087.7763491415,3769584.910683529],[386074.7019917483,3769595.2717144713],[386073.60390914365,3769596.0612990228],[386063.6285685282,3769603.1686809603],[386057.8598417834,3769607.0091222418],[385983.91729328234,3769545.2406710526],[385979.4701542225,3769398.6780215297],[385958.90588792437,3769369.758369217],[385938.25090809993,3769356.255709673],[385905.8241774916,3769353.985886818],[385878.9203857195,3769358.0818344504],[385848.4627741074,3769365.9916564506]]]},"properties":{"GEOID":"060372060201015","POP100":3,"HU100":2,"AREALAND":98068}},{"type":"Feature","geometry":{"type":"Polygon","coordinates":[[[385305.7661853011,3769226.729332085],[385289.58175957314,3769216.611774133],[385344.63490083587,3769174.1317520435],[385356.072567779,3769188.6323336554],[385362.44684175064,3769196.650987264],[385373.78948438703,3769210.9309238126],[385385.18936768494,3769222.326645771],[385396.001739546,3769230.956923982],[385409.5816482382,3769239.4426796273],[385435.13592923403,3769253.4392748177],[385485.31476413674,3769280.889464502],[385497.9728449784,3769289.4974092436],[385509.62645088974,3769299.004833956],[385520.4602171517,3769309.4094106434],[385530.38313004805,3769320.823251278],[385544.7606444474,3769341.831797591],[385531.2784045908,3769348.9822923206],[385458.962041872,3769398.8795820405],[385449.2487473901,3769381.917976651],[385440.8678234051,3769368.267453342],[385429.8758922535,3769352.4305574093],[385386.1809656436,3769296.3992867484],[385372.50686193374,3769280.1513301553],[385356.3395495063,3769263.8227906763],[385338.06007873936,3769248.407114642],[385322.508364508,3769237.1728454833],[385305.7661853011,3769226.729332085]]]},"properties":{"GEOID":"060372071021016","POP100":281,"HU100":226,"AREALAND":18634}},{"type":"Feature","geometry":{"type":"Polygon","coordinates":[[[383940.9310627375,3769206.3670873707],[383918.1564582341,3769163.3938440513],[384029.96618565184,3769135.2914251247],[383985.0677604071,3769169.891113113],[383940.9310627375,3769206.3670873707]]]},"properties":{"GEOID":"060372080011015","POP100":0,"HU100":0,"AREALAND":2668}},{"type":"Feature","geometry":{"type":"Polygon","coordinates":[[[385862.06524369423,3769437.4718291066],[385848.4627741074,3769365.9916564506],[385878.9203857195,3769358.0818344504],[385905.8241774916,3769353.985886818],[385938.25090809993,3769356.255709673],[385958.90588792437,3769369.758369217],[385979.4701542225,3769398.6780215297],[385983.91729328234,3769545.2406710526],[385953.8818161504,3769565.1227343734],[385862.06524369423,3769437.4718291066]]]},"properties":{"GEOID":"060372060201016","POP100":0,"HU100":0,"AREALAND":18557}},{"type":"Feature","geometry":{"type":"Polygon","coordinates":[[[384402.94912714587,3769403.6558354334],[384396.8672678969,3769396.9650692567],[384514.0231974585,3769338.192867573],[384551.4585857817,3769365.0177655877],[384600.0229451527,3769396.1430154275],[384671.7901274313,3769437.6318593947],[384761.688781288,3769489.9903754005],[384778.70805641456,3769500.4295911253],[384768.2258242032,3769511.315350933],[384736.4441106256,3769546.7495475006],[384706.11768712045,3769580.3915865594],[384700.7768050567,3769588.996541171],[384615.02359726734,3769535.922432946],[384408.7309844418,3769408.4649381596],[384402.94912714587,3769403.6558354334]]]},"properties":{"GEOID":"060372074001002","POP100":9,"HU100":0,"AREALAND":38021}},{"type":"Feature","geometry":{"type":"Polygon","coordinates":[[[385208.1963139312,3769575.825138024],[385221.8059950493,3769564.014584532],[385236.0698026275,3769552.86149427],[385244.3072396075,3769547.1052017314],[385270.6685884863,3769528.8181077763],[385281.2854084016,3769521.3693052176],[385325.58909091464,3769490.775677501],[385347.15020498564,3769662.4169019284],[385348.4766170162,3769672.825927806],[385341.0480390076,3769767.961996045],[385330.72985116165,3769898.7337747794],[385320.5432699018,3769895.974067928],[385306.30005077785,3769893.596276072],[385291.8897185473,3769892.662314288],[385274.08777031983,3769893.6550787166],[385259.4451057991,3769896.383857693],[385256.68456612783,3769897.0828854237],[385260.2190435582,3769793.0107180565],[385265.5903752059,3769635.016240736],[385261.3053040283,3769624.1995961755],[385257.8218507646,3769618.585754494],[385253.7017468877,3769613.7559832884],[385250.7134384567,3769610.908750795],[385236.91429515375,3769599.5424283687],[385208.1963139312,3769575.825138024]]]},"properties":{"GEOID":"060372071011000","POP100":362,"HU100":165,"AREALAND":32093}},{"type":"Feature","geometry":{"type":"Polygon","coordinates":[[[383855.84313959215,3769703.163065564],[383850.36756874446,3769693.248884556],[383918.66097000573,3769654.8116084617],[383924.084755394,3769637.998131185],[384017.1365189875,3769586.1703491183],[384114.6801860033,3769531.737461393],[384128.9809154837,3769523.68760896],[384254.0359845583,3769424.3345572785],[384279.6221661093,3769470.933979253],[384329.09311981645,3769560.9376056325],[384382.05665037147,3769657.331247352],[384435.2051248903,3769753.833809324],[384457.1075013177,3769793.713474858],[384500.99736801686,3769842.751170054],[384524.57951777836,3769869.0799885103],[384463.73638096114,3769965.7580295177],[384451.96848396974,3769984.645218265],[384399.4038166359,3770048.726963463],[384336.15618049045,3769933.938016569],[384293.7663843915,3769856.712661231],[384282.62898720306,3769836.6643428397],[384230.42399822274,3769741.925533598],[384201.0805707181,3769757.7013375713],[384180.356645012,3769768.8244173545],[384132.4028029282,3769794.9213191043],[384038.8747771129,3769845.4230423947],[383958.73305646103,3769888.552271551],[383855.84313959215,3769703.163065564]]]},"properties":{"GEOID":"060372080011001","POP100":109,"HU100":27,"AREALAND":171694}},{"type":"Feature","geometry":{"type":"Polygon","coordinates":[[[383425.5142640328,3769567.838917148],[383464.38407251076,3769546.1759390254],[383518.3809305673,3769516.1192823015],[383581.8435855096,3769632.3423371525],[383553.9693193523,3769647.436676998],[383499.9749375202,3769655.200900766],[383480.7164155151,3769657.8785547516],[383425.5142640328,3769567.838917148]]]},"properties":{"GEOID":"060372083023004","POP100":583,"HU100":293,"AREALAND":12712}},{"type":"Feature","geometry":{"type":"Polygon","coordinates":[[[383407.2716283361,3769578.0457752883],[383425.5142640328,3769567.838917148],[383480.7164155151,3769657.8785547516],[383468.1854695549,3769659.6968521005],[383407.2716283361,3769578.0457752883]]]},"properties":{"GEOID":"060372083023005","POP100":63,"HU100":22,"AREALAND":1671}},{"type":"Feature","geometry":{"type":"Polygon","coordinates":[[[383975.96635100344,3768263.9030401674],[383917.46114245325,3768190.7587983417],[384017.20906388503,3768111.6774585424],[384075.0827243065,3768186.0499911685],[383975.96635100344,3768263.9030401674]]]},"properties":{"GEOID":"060372077122006","POP100":5,"HU100":0,"AREALAND":11905}},{"type":"Feature","geometry":{"type":"Polygon","coordinates":[[[383397.14825809054,3768205.153996924],[383357.7683417428,3768156.065368182],[383496.24959018175,3768066.518499961],[383594.6199155347,3768190.407336629],[383455.7484566642,3768278.1830763505],[383397.14825809054,3768205.153996924]]]},"properties":{"GEOID":"060372077111010","POP100":5,"HU100":1,"AREALAND":25774}},{"type":"Feature","geometry":{"type":"Polygon","coordinates":[[[385820.9038437294,3768262.4882430127],[385818.920385628,3768075.526706347],[385907.90360979404,3768074.5621685055],[385909.89706177975,3768247.2168219495],[385820.9038437294,3768262.4882430127]]]},"properties":{"GEOID":"060372060521023","POP100":232,"HU100":134,"AREALAND":16025}},{"type":"Feature","geometry":{"type":"Polygon","coordinates":[[[382998.21999878675,3768382.3252348076],[383016.1444938246,3768383.5449435073],[383122.85963860457,3768390.763335294],[383136.07399977674,3768391.81976153],[383154.54135487846,3768392.1457085605],[383172.98675902304,3768390.6976049645],[383191.13747489767,3768387.811242826],[383259.41750194156,3768370.1091928063],[383260.34283485473,3768377.750328729],[383259.10771349905,3768389.854350933],[383259.15843529854,3768393.9572398686],[383260.3428033777,3768400.1532994225],[383288.37563630514,3768457.3670560084],[383310.06363950355,3768501.6832210636],[383323.6185835096,3768515.3789813914],[383175.121713008,3768585.6440660395],[383170.99560788844,3768587.913203916],[383126.531757412,3768612.8627951546],[383093.8655088552,3768554.2651295518],[382998.21999878675,3768382.3252348076]]]},"properties":{"GEOID":"060372093003002","POP100":695,"HU100":557,"AREALAND":44316}},{"type":"Feature","geometry":{"type":"Polygon","coordinates":[[[384911.7886418769,3768430.7874522726],[384960.51935672783,3768391.931375159],[385086.59791900194,3768549.212546162],[385037.3191693205,3768588.518276685],[384911.7886418769,3768430.7874522726]]]},"properties":{"GEOID":"060372073061000","POP100":16,"HU100":1,"AREALAND":12641}},{"type":"Feature","geometry":{"type":"Polygon","coordinates":[[[383750.48334584746,3768725.2715227986],[383756.5786412902,3768717.9876333973],[383763.1922342347,3768707.813753862],[383764.3580355176,3768705.0267328816],[383767.5934452709,3768697.8889825786],[383768.65732805483,3768694.326882075],[383783.42626110563,3768709.2282875776],[383802.13992457744,3768729.6264704852],[383782.4220381359,3768732.6418088987],[383777.8152576601,3768733.363901743],[383769.99855894764,3768735.789188961],[383766.50479971524,3768736.9411788913],[383761.271072481,3768739.2237367807],[383758.36066440877,3768735.2669846755],[383750.48334584746,3768725.2715227986]]]},"properties":{"GEOID":"060372092011001","POP100":0,"HU100":0,"AREALAND":1095}},{"type":"Feature","geometry":{"type":"Polygon","coordinates":[[[385725.53086798685,3768048.0428132834],[385725.4505876608,3767896.436884107],[385817.2612512574,3767907.7477821982],[385817.8648694166,3767972.952505411],[385725.53086798685,3768048.0428132834]]]},"properties":{"GEOID":"060372060521032","POP100":25,"HU100":1,"AREALAND":9997}},{"type":"Feature","geometry":{"type":"Polygon","coordinates":[[[384805.81387870386,3767999.660002962],[384848.4174120919,3767965.425194799],[384905.27697246464,3768032.827939215],[384871.72412997915,3768082.478812169],[384805.81387870386,3767999.660002962]]]},"properties":{"GEOID":"060372073061008","POP100":203,"HU100":150,"AREALAND":5437}},{"type":"Feature","geometry":{"type":"Polygon","coordinates":[[[383984.7625856361,3768949.746884288],[383986.47120083816,3768946.065963285],[383993.94115775655,3768930.4473768463],[383995.2005557016,3768927.770156023],[384004.56109340885,3768908.246671352],[384010.9642747468,3768895.9683615696],[384012.6825298589,3768893.0637044464],[384021.3891759106,3768880.424355831],[384033.3139353858,3768866.7473630104],[384044.54397399235,3768856.627921807],[384067.15767661424,3768841.3779747994],[384077.7784857227,3768834.2605345557],[384097.7374845321,3768820.8177413354],[384217.72557680827,3768969.9554933948],[384223.81870496774,3768977.533239492],[384167.5422943125,3769025.3584034364],[384137.7599492561,3769050.677697537],[384093.42674198607,3769086.2680389835],[384086.0169051697,3769076.710205289],[384049.7010342547,3769036.0101226536],[384018.4570058975,3768994.9151217504],[384001.8493916724,3768973.0489130835],[383984.7625856361,3768949.746884288]]]},"properties":{"GEOID":"060372075022008","POP100":523,"HU100":2,"AREALAND":34026}},{"type":"Feature","geometry":{"type":"Polygon","coordinates":[[[384685.652523482,3767942.346511973],[384629.96757282235,3767880.5869020433],[384714.7080711918,3767804.1366144544],[384757.85053480207,3767851.8538823477],[384848.4174120919,3767965.425194799],[384805.81387870386,3767999.660002962],[384760.3748911111,3768036.0366616375],[384685.652523482,3767942.346511973]]]},"properties":{"GEOID":"060372073071002","POP100":526,"HU100":461,"AREALAND":23394}},{"type":"Feature","geometry":{"type":"Polygon","coordinates":[[[383471.43670161284,3768449.782735188],[383467.15523603506,3768446.9520434635],[383482.4806608949,3768439.5540266847],[383488.44610757055,3768436.70775167],[383510.11993006524,3768427.5678769695],[383573.81315381324,3768404.712083261],[383660.8221489625,3768513.436565665],[383634.77190625475,3768534.496936983],[383628.0071852115,3768539.9037783304],[383614.936621743,3768550.4900108064],[383590.6205427672,3768532.49029152],[383565.29453928507,3768514.946734975],[383471.43670161284,3768449.782735188]]]},"properties":{"GEOID":"060372077111003","POP100":0,"HU100":0,"AREALAND":12818}},{"type":"Feature","geometry":{"type":"Polygon","coordinates":[[[385145.2237419656,3768724.2840198874],[385243.85714046744,3768644.3421168304],[385358.2969590948,3768786.4631334036],[385405.2865965479,3768847.555982128],[385316.3984094221,3768939.355701021],[385145.2237419656,3768724.2840198874]]]},"properties":{"GEOID":"060372074001025","POP100":24,"HU100":1,"AREALAND":34063}},{"type":"Feature","geometry":{"type":"Polygon","coordinates":[[[383417.78604876535,3769046.6756964833],[383458.23535184003,3769025.6586408843],[383581.2346773465,3768961.7010924728],[383632.6455124839,3769058.5536078755],[383527.16608673113,3769113.421964535],[383469.1981772513,3769143.5273318654],[383417.78604876535,3769046.6756964833]]]},"properties":{"GEOID":"060372092021010","POP100":761,"HU100":363,"AREALAND":20210}},{"type":"Feature","geometry":{"type":"Polygon","coordinates":[[[385335.6346413145,3769162.706870358],[385324.0095789821,3769147.986762243],[385420.9199035785,3769070.8401124943],[385433.7621833119,3769086.987254087],[385335.6346413145,3769162.706870358]]]},"properties":{"GEOID":"060372074001014","POP100":0,"HU100":0,"AREALAND":2441}},{"type":"Feature","geometry":{"type":"Polygon","coordinates":[[[385048.05256423075,3768802.8783835126],[385145.2237419656,3768724.2840198874],[385316.3984094221,3768939.355701021],[385230.5576837442,3769031.1192392753],[385048.05256423075,3768802.8783835126]]]},"properties":{"GEOID":"060372074001018","POP100":171,"HU100":0,"AREALAND":35363}},{"type":"Feature","geometry":{"type":"Polygon","coordinates":[[[383726.9779502631,3768758.0563711254],[383752.7418938088,3768743.7649964103],[383759.71020834,3768739.908423727],[383761.271072481,3768739.2237367807],[383766.50479971524,3768736.9411788913],[383769.99855894764,3768735.789188961],[383777.8152576601,3768733.363901743],[383782.4220381359,3768732.6418088987],[383802.13992457744,3768729.6264704852],[383808.9705220804,3768737.0839850917],[383831.54745400796,3768763.8671922097],[383849.2688270397,3768786.163096773],[383866.34670468955,3768808.6886876104],[383973.61546470434,3768959.0889782626],[383975.9637743226,3768962.3873132146],[383977.6536885728,3768964.6955560613],[383968.65301580355,3768983.438392469],[383966.58466725383,3768987.9000313347],[383957.9873169399,3769009.410539191],[383949.7199232122,3769035.242296601],[383797.758076651,3768846.1315013026],[383726.9779502631,3768758.0563711254]]]},"properties":{"GEOID":"060372092021007","POP100":0,"HU100":0,"AREALAND":23930}},{"type":"Feature","geometry":{"type":"Polygon","coordinates":[[[383717.36550990917,3767939.9116821876],[383665.8900862007,3767875.6657678206],[383765.6340110032,3767796.1382788527],[383892.20069774997,3767953.287575917],[383791.7259093992,3768033.3772543096],[383766.59493272624,3768001.745680028],[383717.36550990917,3767939.9116821876]]]},"properties":{"GEOID":"060372077121001","POP100":707,"HU100":653,"AREALAND":25826}},{"type":"Feature","geometry":{"type":"Polygon","coordinates":[[[385280.323304357,3767960.612713797],[385269.7742096836,3767935.7872797293],[385339.9310082946,3767882.0335923596],[385391.90059985965,3767949.9421146023],[385309.82378205657,3768010.3835173235],[385297.58333353954,3768028.7206046693],[385286.7596726673,3767981.2737814016],[385280.323304357,3767960.612713797]]]},"properties":{"GEOID":"060372062021011","POP100":31,"HU100":4,"AREALAND":8693}},{"type":"Feature","geometry":{"type":"Polygon","coordinates":[[[384905.27697246464,3768032.827939215],[384848.4174120919,3767965.425194799],[384939.93644936685,3767892.110542885],[385011.6151032279,3767834.565098617],[385064.9638783302,3767901.7896481296],[385066.5709343047,3767904.875489835],[385040.73260500963,3767913.3969090004],[385026.1246918187,3767919.2308565197],[385008.96187053865,3767927.53588097],[384992.099071166,3767937.722733264],[384979.2855002056,3767946.8620913355],[384967.1289541176,3767956.8806264345],[384952.9862999846,3767970.583395884],[384940.05721168936,3767985.3803637107],[384905.27697246464,3768032.827939215]]]},"properties":{"GEOID":"060372062011004","POP100":212,"HU100":78,"AREALAND":15634}},{"type":"Feature","geometry":{"type":"Polygon","coordinates":[[[384312.16232654714,3767877.598189655],[384357.42123001325,3767841.665056065],[384386.86456944526,3767878.790676171],[384410.780194347,3767909.329604485],[384442.4764922815,3767949.53318181],[384481.863690304,3767999.62418229],[384476.652446485,3768003.791415875],[384437.3394516378,3768035.2149689426],[384312.16232654714,3767877.598189655]]]},"properties":{"GEOID":"060372073041000","POP100":229,"HU100":165,"AREALAND":11564}},{"type":"Feature","geometry":{"type":"Polygon","coordinates":[[[385588.3280272114,3767970.4069559285],[385587.75902941945,3767961.5414481987],[385725.4505876608,3767896.436884107],[385725.53086798685,3768048.0428132834],[385725.5064589716,3768076.5456108204],[385719.3220374427,3768076.6204446084],[385689.7831667282,3768076.8670683424],[385614.8170657633,3768137.5524906483],[385604.0871465914,3768112.9506195565],[385594.7454538595,3768027.6669846857],[385588.3280272114,3767970.4069559285]]]},"properties":{"GEOID":"060372062021005","POP100":221,"HU100":168,"AREALAND":22545}},{"type":"Feature","geometry":{"type":"Polygon","coordinates":[[[384279.6221661093,3769470.933979253],[384254.0359845583,3769424.3345572785],[384321.73284932505,3769374.5952982754],[384337.45948003454,3769392.480234515],[384360.7526660149,3769417.703124323],[384373.75520196505,3769431.739810067],[384411.4172705445,3769469.5410154155],[384437.19114061893,3769493.8465476227],[384483.78866056295,3769537.749373882],[384538.98770089407,3769590.6414418155],[384582.8075100652,3769633.9132464016],[384637.21411694825,3769690.0318124173],[384628.2509826642,3769704.337309675],[384626.1675939791,3769707.579016686],[384524.57951777836,3769869.0799885103],[384500.99736801686,3769842.751170054],[384457.1075013177,3769793.713474858],[384435.2051248903,3769753.833809324],[384382.05665037147,3769657.331247352],[384329.09311981645,3769560.9376056325],[384279.6221661093,3769470.933979253]]]},"properties":{"GEOID":"060372080011005","POP100":264,"HU100":210,"AREALAND":72179}},{"type":"Feature","geometry":{"type":"Polygon","coordinates":[[[385442.9483734785,3769098.5208306224],[385433.7621833119,3769086.987254087],[385449.5838619768,3769074.817570453],[385533.3586029286,3769010.47468818],[385542.35883375467,3769021.8996885126],[385530.65254104446,3769030.914022359],[385454.83636664285,3769089.282370301],[385442.9483734785,3769098.5208306224]]]},"properties":{"GEOID":"060372071021031","POP100":0,"HU100":0,"AREALAND":1836}},{"type":"Feature","geometry":{"type":"Polygon","coordinates":[[[385637.590445495,3768302.8577156095],[385614.8170657633,3768137.5524906483],[385689.7831667282,3768076.8670683424],[385719.3220374427,3768076.6204446084],[385725.5064589716,3768076.5456108204],[385725.5195776089,3768214.9547178512],[385725.09517881967,3768279.062847127],[385637.590445495,3768302.8577156095]]]},"properties":{"GEOID":"060372062021004","POP100":28,"HU100":0,"AREALAND":19810}},{"type":"Feature","geometry":{"type":"Polygon","coordinates":[[[384499.22217035014,3768913.0510723772],[384424.49547627266,3768818.697663147],[384520.400535696,3768742.6629994363],[384595.21510286455,3768836.683353207],[384499.22217035014,3768913.0510723772]]]},"properties":{"GEOID":"060372075022003","POP100":783,"HU100":602,"AREALAND":14742}},{"type":"Feature","geometry":{"type":"Polygon","coordinates":[[[384321.4297898125,3768694.414673316],[384294.9313753824,3768663.9076614454],[384394.3988064681,3768584.7226642934],[384466.77535564173,3768675.4447672265],[384374.44105081767,3768756.648834104],[384347.63217288203,3768723.372790077],[384321.4297898125,3768694.414673316]]]},"properties":{"GEOID":"060372075022016","POP100":0,"HU100":0,"AREALAND":14831}},{"type":"Feature","geometry":{"type":"Polygon","coordinates":[[[385725.1041258243,3769759.3118072175],[385787.63983987167,3769732.714056472],[385852.01237564295,3769705.318126522],[385906.8675085519,3769837.4082271485],[385944.06347995135,3769898.4000549135],[385926.37276057206,3769908.595331172],[385878.1806900975,3769922.9301564856],[385805.2494670109,3769944.6624172437],[385725.1041258243,3769759.3118072175]]]},"properties":{"GEOID":"060372071032012","POP100":11,"HU100":1,"AREALAND":28983}},{"type":"Feature","geometry":{"type":"Polygon","coordinates":[[[384321.73284932505,3769374.5952982754],[384333.5339561192,3769365.910931755],[384348.32406334864,3769382.698308941],[384366.10276867833,3769402.332622915],[384370.8708015314,3769407.264971756],[384402.84621421935,3769440.477798635],[384421.6276766705,3769459.1017615944],[384445.9086036601,3769482.09470719],[384507.2617969201,3769540.0129540283],[384543.8724530713,3769574.943986503],[384593.2051703826,3769623.693678578],[384645.36299813306,3769677.0671427744],[384637.21411694825,3769690.0318124173],[384582.8075100652,3769633.9132464016],[384538.98770089407,3769590.6414418155],[384483.78866056295,3769537.749373882],[384437.19114061893,3769493.8465476227],[384411.4172705445,3769469.5410154155],[384373.75520196505,3769431.739810067],[384360.7526660149,3769417.703124323],[384337.45948003454,3769392.480234515],[384321.73284932505,3769374.5952982754]]]},"properties":{"GEOID":"060372080011008","POP100":0,"HU100":0,"AREALAND":6479}},{"type":"Feature","geometry":{"type":"Polygon","coordinates":[[[384522.41209533426,3768741.0856652115],[384468.78420913167,3768673.645729439],[384566.00912055175,3768599.7026835596],[384618.13415719144,3768665.0542713027],[384522.41209533426,3768741.0856652115]]]},"properties":{"GEOID":"060372075022019","POP100":6,"HU100":0,"AREALAND":10375}},{"type":"Feature","geometry":{"type":"Polygon","coordinates":[[[385577.0501160356,3768906.248831209],[385477.49976188305,3768773.5933234473],[385583.6327239882,3768664.8396689855],[385734.90385851066,3768509.8481540307],[385743.06567804475,3768703.7221340006],[385723.4281206028,3768721.0391204976],[385705.8919820727,3768736.556247905],[385640.1301693736,3768794.579506062],[385679.81830204383,3768855.096640065],[385589.4362196261,3768922.845321406],[385577.0501160356,3768906.248831209]]]},"properties":{"GEOID":"060372074001030","POP100":0,"HU100":0,"AREALAND":49558}},{"type":"Feature","geometry":{"type":"Polygon","coordinates":[[[383262.7708765205,3768753.359066301],[383225.28757036384,3768685.8371677552],[383371.6740006741,3768616.7079517394],[383400.88160483824,3768679.4526876956],[383335.86046188977,3768714.1931257457],[383262.7708765205,3768753.359066301]]]},"properties":{"GEOID":"060372092011006","POP100":312,"HU100":224,"AREALAND":11652}},{"type":"Feature","geometry":{"type":"Polygon","coordinates":[[[384348.32406334864,3769382.698308941],[384333.5339561192,3769365.910931755],[384357.68598548975,3769348.2028563824],[384396.8672678969,3769396.9650692567],[384402.94912714587,3769403.6558354334],[384408.7309844418,3769408.4649381596],[384615.02359726734,3769535.922432946],[384700.7768050567,3769588.996541171],[384663.01935627504,3769649.014114707],[384658.1291650479,3769656.7263504835],[384645.36299813306,3769677.0671427744],[384593.2051703826,3769623.693678578],[384543.8724530713,3769574.943986503],[384507.2617969201,3769540.0129540283],[384445.9086036601,3769482.09470719],[384421.6276766705,3769459.1017615944],[384402.84621421935,3769440.477798635],[384370.8708015314,3769407.264971756],[384366.10276867833,3769402.332622915],[384348.32406334864,3769382.698308941]]]},"properties":{"GEOID":"060372074001001","POP100":400,"HU100":256,"AREALAND":24568}},{"type":"Feature","geometry":{"type":"Polygon","coordinates":[[[383777.6638531575,3768421.05496001],[383828.1316768987,3768381.17330928],[383896.0220506452,3768466.844845193],[383845.74044798047,3768506.8347656275],[383842.74036962225,3768503.100876527],[383777.6638531575,3768421.05496001]]]},"properties":{"GEOID":"060372077122002","POP100":0,"HU100":0,"AREALAND":7038}},{"type":"Feature","geometry":{"type":"Polygon","coordinates":[[[383631.5927556524,3768808.3628277937],[383639.30003570614,3768797.066327891],[383689.5667472672,3768771.0494726133],[383741.73320685857,3768734.3626359147],[383750.48334584746,3768725.2715227986],[383758.36066440877,3768735.2669846755],[383761.271072481,3768739.2237367807],[383759.71020834,3768739.908423727],[383752.7418938088,3768743.7649964103],[383726.9779502631,3768758.0563711254],[383708.8244018912,3768768.150554449],[383691.3838840323,3768783.6704221545],[383644.5972046932,3768807.426154209],[383631.5927556524,3768808.3628277937]]]},"properties":{"GEOID":"060372092021014","POP100":0,"HU100":0,"AREALAND":1635}},{"type":"Feature","geometry":{"type":"Polygon","coordinates":[[[384774.84223286115,3769811.3449838385],[384770.26050984545,3769806.521065655],[384778.2424311689,3769795.000343778],[384848.450653531,3769693.8850267353],[384889.2218973478,3769638.7112989854],[384898.73109748267,3769623.733992518],[384900.0569833978,3769626.490457788],[384912.26387405116,3769651.0735024735],[384913.11478205107,3769652.7267192006],[384935.256631691,3769697.262626051],[384988.4352192014,3769804.3036637907],[384916.6098769659,3769878.8204025766],[384910.22823322646,3769885.330736496],[384891.452357184,3769904.8573217206],[384889.174918707,3769907.3249558453],[384878.5098509542,3769918.3237954685],[384867.4847075269,3769907.367749848],[384774.84223286115,3769811.3449838385]]]},"properties":{"GEOID":"060372071012000","POP100":441,"HU100":302,"AREALAND":32200}},{"type":"Feature","geometry":{"type":"Polygon","coordinates":[[[384637.21411694825,3769690.0318124173],[384645.36299813306,3769677.0671427744],[384750.53586606943,3769786.1335189654],[384755.11625482497,3769790.8465286274],[384751.67017637583,3769795.8793101967],[384749.3113067106,3769799.235330518],[384746.59003695176,3769803.1502427203],[384742.5688644995,3769798.8740381156],[384637.21411694825,3769690.0318124173]]]},"properties":{"GEOID":"060372080011007","POP100":0,"HU100":0,"AREALAND":2324}},{"type":"Feature","geometry":{"type":"Polygon","coordinates":[[[383944.83952191507,3768427.871361962],[384043.3918903721,3768349.3594126436],[384141.4884530976,3768271.186932905],[384266.7532890466,3768428.5785538265],[384175.6042502575,3768501.119378133],[384070.28763982945,3768585.036444792],[383944.83952191507,3768427.871361962]]]},"properties":{"GEOID":"060372077122001","POP100":29,"HU100":1,"AREALAND":50559}},{"type":"Feature","geometry":{"type":"Polygon","coordinates":[[[385281.2854084016,3769521.3693052176],[385281.20859359845,3769515.048663562],[385281.868712459,3769508.608132239],[385284.08570915204,3769501.1505572447],[385287.35024040134,3769496.341899904],[385409.60923902487,3769409.016353991],[385420.28089153056,3769398.4617256443],[385427.63409015996,3769388.2800843297],[385431.2915626919,3769377.810663393],[385431.9168898106,3769368.487012596],[385429.8758922535,3769352.4305574093],[385440.8678234051,3769368.267453342],[385449.2487473901,3769381.917976651],[385458.962041872,3769398.8795820405],[385441.3859173125,3769410.9597191536],[385380.0553034949,3769453.29360406],[385325.58909091464,3769490.775677501],[385281.2854084016,3769521.3693052176]]]},"properties":{"GEOID":"060372071012006","POP100":93,"HU100":0,"AREALAND":4366}},{"type":"Feature","geometry":{"type":"Polygon","coordinates":[[[384602.64866279444,3769256.0371205523],[384669.02801275055,3769203.9876162084],[384768.7557232037,3769327.87118784],[384702.8518483537,3769381.023333671],[384602.64866279444,3769256.0371205523]]]},"properties":{"GEOID":"060372074001005","POP100":0,"HU100":0,"AREALAND":7037}},{"type":"Feature","geometry":{"type":"Polygon","coordinates":[[[385591.0522283739,3769284.7090513147],[385532.085642582,3769126.274980419],[385589.4249093725,3769081.8833706966],[385664.80526055314,3769178.012096964],[385762.90146770584,3769305.4743478363],[385684.23304994684,3769303.543170786],[385654.04385099176,3769303.1324365404],[385636.61391332204,3769304.4526448273],[385608.88218052743,3769308.7811924336],[385594.61711768695,3769289.4347663955],[385591.0522283739,3769284.7090513147]]]},"properties":{"GEOID":"060372071021014","POP100":115,"HU100":11,"AREALAND":24853}},{"type":"Feature","geometry":{"type":"Polygon","coordinates":[[[383693.3553083894,3768111.7785392646],[383791.7259093992,3768033.3772543096],[383917.46114245325,3768190.7587983417],[383818.6298194548,3768269.1645010053],[383693.3553083894,3768111.7785392646]]]},"properties":{"GEOID":"060372077111007","POP100":43,"HU100":3,"AREALAND":25370}},{"type":"Feature","geometry":{"type":"Polygon","coordinates":[[[383944.83952191507,3768427.871361962],[383877.04708441056,3768342.641952943],[383975.96635100344,3768263.9030401674],[384043.3918903721,3768349.3594126436],[383944.83952191507,3768427.871361962]]]},"properties":{"GEOID":"060372077122004","POP100":458,"HU100":334,"AREALAND":13749}},{"type":"Feature","geometry":{"type":"Polygon","coordinates":[[[385068.1272128938,3769420.5983965965],[385064.00962824124,3769415.9905118938],[385089.09163365,3769391.1751243514],[385117.00784223806,3769364.107122287],[385163.29022598814,3769321.6217656867],[385202.83632192755,3769286.8710536896],[385261.87684166443,3769238.353126253],[385289.58175957314,3769216.611774133],[385305.7661853011,3769226.729332085],[385322.508364508,3769237.1728454833],[385338.06007873936,3769248.407114642],[385356.3395495063,3769263.8227906763],[385372.50686193374,3769280.1513301553],[385386.1809656436,3769296.3992867484],[385429.8758922535,3769352.4305574093],[385431.9168898106,3769368.487012596],[385431.2915626919,3769377.810663393],[385427.63409015996,3769388.2800843297],[385420.28089153056,3769398.4617256443],[385409.60923902487,3769409.016353991],[385287.35024040134,3769496.341899904],[385284.08570915204,3769501.1505572447],[385281.868712459,3769508.608132239],[385281.20859359845,3769515.048663562],[385281.2854084016,3769521.3693052176],[385270.6685884863,3769528.8181077763],[385265.6942623186,3769514.4608805776],[385262.48220770556,3769508.400118706],[385260.4106651622,3769497.445658213],[385265.3734831732,3769488.069300243],[385283.6417129427,3769472.2096280544],[385370.2748220073,3769400.3996603247],[385391.2676648181,3769380.847252317],[385393.6761487884,3769373.9419395444],[385394.2467745876,3769367.724273921],[385392.3255293877,3769361.536939332],[385317.41391395207,3769273.7225203803],[385310.26152823155,3769270.03862149],[385301.3360154056,3769272.365211859],[385273.3105659276,3769298.1030325335],[385093.0170239321,3769448.243613103],[385079.0752280255,3769432.7756026513],[385068.1272128938,3769420.5983965965]]]},"properties":{"GEOID":"060372071012005","POP100":0,"HU100":0,"AREALAND":26874}},{"type":"Feature","geometry":{"type":"Polygon","coordinates":[[[385664.80526055314,3769178.012096964],[385702.8612915095,3769149.603179919],[385808.8522926436,3769296.3787288424],[385805.63543947274,3769297.5267105754],[385762.90146770584,3769305.4743478363],[385664.80526055314,3769178.012096964]]]},"properties":{"GEOID":"060372071021013","POP100":9,"HU100":2,"AREALAND":7688}},{"type":"Feature","geometry":{"type":"Polygon","coordinates":[[[384463.8565885768,3768270.8972967267],[384511.30498448346,3768232.941777483],[384562.1378155432,3768192.3943257295],[384687.9623911862,3768350.7826853995],[384590.1473782799,3768429.6113607674],[384463.8565885768,3768270.8972967267]]]},"properties":{"GEOID":"060372073051004","POP100":135,"HU100":86,"AREALAND":25477}},{"type":"Feature","geometry":{"type":"Polygon","coordinates":[[[384141.4884530976,3768271.186932905],[384240.95624803455,3768191.7786961677],[384366.2217180715,3768349.2825295306],[384266.7532890466,3768428.5785538265],[384141.4884530976,3768271.186932905]]]},"properties":{"GEOID":"060372077122011","POP100":13,"HU100":0,"AREALAND":25613}},{"type":"Feature","geometry":{"type":"Polygon","coordinates":[[[383582.85805284866,3769362.828046246],[383570.5522881683,3769338.0259589492],[383735.2809523759,3769252.3726448864],[383775.06639690057,3769327.4097188753],[383891.95598752605,3769262.2004360533],[383940.9310627375,3769206.3670873707],[383985.0677604071,3769169.891113113],[384029.96618565184,3769135.2914251247],[384105.98946246796,3769229.847659837],[384155.1081752412,3769290.908421864],[384040.57867962087,3769383.035535003],[384031.8126495789,3769390.7956926436],[384027.52115300426,3769394.619264814],[384015.5862072805,3769407.409123857],[384012.4009240689,3769411.1081739557],[383971.6118784599,3769464.5115498533],[383874.5731716511,3769454.9468894047],[383872.2177289075,3769466.066485892],[383868.1032689094,3769476.764069891],[383863.0413413516,3769485.4769615703],[383856.8637685253,3769493.538239167],[383849.65864897834,3769500.613948528],[383841.5170597967,3769506.5921255434],[383831.42909996514,3769511.9288420025],[383820.6747540786,3769515.610226027],[383809.43703529175,3769517.5230159806],[383798.08520481415,3769517.6627512393],[383789.30247531156,3769516.55088526],[383778.2815991829,3769513.5812619706],[383767.88624242693,3769508.9402388614],[383758.3933124365,3769502.6246489016],[383750.83446871553,3769495.9524532873],[383743.5264099491,3769487.1699814643],[383737.68278533476,3769477.3712574206],[383733.8763749417,3769468.1020891774],[383731.651268283,3769459.811568145],[383655.9265945073,3769502.0015968084],[383629.67356052215,3769453.97014205],[383610.5062160618,3769419.1601342196],[383582.85805284866,3769362.828046246]]]},"properties":{"GEOID":"060372080011014","POP100":119,"HU100":95,"AREALAND":108676}},{"type":"Feature","geometry":{"type":"Polygon","coordinates":[[[383400.88160483824,3768679.4526876956],[383371.6740006741,3768616.7079517394],[383514.02586044103,3768549.6271703034],[383571.94223637565,3768582.406419578],[383523.26438913064,3768610.067823567],[383464.04489188286,3768643.7375532966],[383461.4783243476,3768645.211046184],[383400.88160483824,3768679.4526876956]]]},"properties":{"GEOID":"060372092011009","POP100":293,"HU100":273,"AREALAND":11075}},{"type":"Feature","geometry":{"type":"Polygon","coordinates":[[[385597.0357985007,3768932.956550245],[385589.4362196261,3768922.845321406],[385679.81830204383,3768855.096640065],[385747.97324016085,3768804.1425832068],[385751.6676344763,3768834.8185944925],[385752.07575481286,3768838.029923845],[385753.00976926123,3768846.558296654],[385740.55122601066,3768854.4724136963],[385721.87162670965,3768867.0089245],[385695.7884107278,3768885.6240121275],[385610.64053447766,3768951.0910236193],[385597.0357985007,3768932.956550245]]]},"properties":{"GEOID":"060372074001028","POP100":0,"HU100":0,"AREALAND":6554}},{"type":"Feature","geometry":{"type":"Polygon","coordinates":[[[384939.4009362285,3768666.457401145],[385037.3191693205,3768588.518276685],[385145.2237419656,3768724.2840198874],[385048.05256423075,3768802.8783835126],[384939.4009362285,3768666.457401145]]]},"properties":{"GEOID":"060372074001023","POP100":6,"HU100":1,"AREALAND":21760}},{"type":"Feature","geometry":{"type":"Polygon","coordinates":[[[384520.400535696,3768742.6629994363],[384522.41209533426,3768741.0856652115],[384618.13415719144,3768665.0542713027],[384679.6319639407,3768742.0477352054],[384687.78789389256,3768752.262295056],[384694.91364020255,3768761.2695188182],[384692.6264814936,3768762.961033438],[384595.21510286455,3768836.683353207],[384520.400535696,3768742.6629994363]]]},"properties":{"GEOID":"060372075022011","POP100":40,"HU100":3,"AREALAND":15196}},{"type":"Feature","geometry":{"type":"Polygon","coordinates":[[[384093.5187140445,3768815.546059508],[384089.9568851298,3768811.1534885643],[384102.52497651376,3768789.7053713254],[384165.8783375184,3768739.2421695455],[384188.3271131103,3768733.08883525],[384192.17120965733,3768737.921525414],[384195.9216592703,3768742.644423923],[384097.7374845321,3768820.8177413354],[384093.5187140445,3768815.546059508]]]},"properties":{"GEOID":"060372075022010","POP100":0,"HU100":0,"AREALAND":2482}},{"type":"Feature","geometry":{"type":"Polygon","coordinates":[[[385757.9364550758,3768887.533471872],[385755.16671339737,3768864.6097067893],[385766.7170360566,3768857.92658087],[385780.29109989584,3768850.6643809555],[385794.33480499807,3768844.0620546876],[385808.66216035443,3768838.010752737],[385823.36938732374,3768832.8422075924],[385838.36294169544,3768828.446533664],[385853.5504558204,3768824.8248499027],[385879.1609008228,3768820.522682964],[385894.6508306308,3768819.004637912],[385915.5047168549,3768818.3089717883],[385930.37531169225,3768819.0165525656],[385941.91515532986,3768819.0989340614],[386020.6169173469,3768823.4719446334],[386036.20582960977,3768822.5074584605],[386052.52245445864,3768820.6469665435],[386062.4745241935,3768819.1960330675],[386067.2672938383,3768818.583677518],[386139.6071847468,3768808.28410414],[386181.7163387676,3768801.8984571067],[386187.6073930638,3768800.496609774],[386215.0586383404,3768795.729497701],[386301.3906476866,3768782.1572888573],[386354.27217426,3768773.4246019227],[386355.2672306379,3768779.401513176],[386356.8614366425,3768789.1419221167],[386358.35534996464,3768798.218070371],[386359.8412535427,3768806.6289316597],[386320.4474062226,3768816.197349225],[386274.4977497317,3768825.623096488],[386253.12618238747,3768829.318594158],[386232.02754779893,3768832.6781228497],[386202.90164579044,3768836.356235413],[386189.07578094926,3768838.0755860675],[386166.85485473316,3768840.228813016],[386142.598072067,3768841.963060366],[386120.1871668473,3768843.6751060723],[386087.8055752807,3768845.2857033773],[386077.1966939431,3768845.8573683226],[385990.07476964185,3768847.4634987144],[385969.1407203588,3768849.158070514],[385959.09775157843,3768850.7211347814],[385948.4099912905,3768852.402852691],[385841.52777862415,3768876.430058527],[385834.077178599,3768878.627363911],[385825.4535839896,3768883.0569295757],[385821.1518475225,3768886.1034103204],[385817.13231975626,3768889.590059917],[385811.94382535235,3768895.6416417523],[385801.60172978847,3768910.6279802015],[385798.4062037668,3768913.5501473374],[385795.4728504127,3768915.249258616],[385791.98028344876,3768916.5114730382],[385768.66414059396,3768919.6770583517],[385763.8727780725,3768920.400481526],[385758.4502696651,3768891.852538987],[385757.9364550758,3768887.533471872]]]},"properties":{"GEOID":"060372060201019","POP100":0,"HU100":0,"AREALAND":23258}},{"type":"Feature","geometry":{"type":"Polygon","coordinates":[[[384424.49547627266,3768818.697663147],[384374.44105081767,3768756.648834104],[384466.77535564173,3768675.4447672265],[384468.78420913167,3768673.645729439],[384522.41209533426,3768741.0856652115],[384520.400535696,3768742.6629994363],[384424.49547627266,3768818.697663147]]]},"properties":{"GEOID":"060372075022005","POP100":14,"HU100":2,"AREALAND":10390}},{"type":"Feature","geometry":{"type":"Polygon","coordinates":[[[385548.14053607755,3769658.64688754],[385523.8073544692,3769585.411829482],[385629.9492758103,3769539.09768983],[385725.1041258243,3769759.3118072175],[385611.9718256715,3769807.484182085],[385548.14053607755,3769658.64688754]]]},"properties":{"GEOID":"060372071021004","POP100":0,"HU100":0,"AREALAND":29116}},{"type":"Feature","geometry":{"type":"Polygon","coordinates":[[[385234.71828624327,3767459.210777911],[385208.92180523736,3767425.6982299704],[385279.08086362755,3767371.833300077],[385305.06728556706,3767405.7874029954],[385297.8406843536,3767411.309500058],[385234.71828624327,3767459.210777911]]]},"properties":{"GEOID":"060372063031010","POP100":63,"HU100":51,"AREALAND":3762}},{"type":"Feature","geometry":{"type":"Polygon","coordinates":[[[384755.11625482497,3769790.8465286274],[384761.2848870765,3769782.0096589634],[384877.2116499565,3769615.1239594915],[384887.01128558686,3769601.252184369],[384888.61399988015,3769604.005278918],[384892.2971885527,3769610.836535883],[384898.73109748267,3769623.733992518],[384889.2218973478,3769638.7112989854],[384848.450653531,3769693.8850267353],[384778.2424311689,3769795.000343778],[384770.26050984545,3769806.521065655],[384762.4081459982,3769798.4099441175],[384755.11625482497,3769790.8465286274]]]},"properties":{"GEOID":"060372071012001","POP100":0,"HU100":0,"AREALAND":4955}},{"type":"Feature","geometry":{"type":"Polygon","coordinates":[[[385342.3228732019,3768177.8991211113],[385331.3734220388,3768142.875146994],[385345.8086094077,3768138.0419108146],[385376.87021618383,3768126.3525441303],[385404.532790878,3768116.0353659135],[385411.5223904603,3768113.8434128175],[385418.61235277005,3768112.3155910037],[385425.8936210022,3768111.3400169862],[385433.1843064118,3768111.1406241935],[385447.5131066231,3768112.741281364],[385461.1329332967,3768116.7905371063],[385467.63059009216,3768119.7061104574],[385479.63064361253,3768127.213105979],[385490.0870742292,3768136.8458810193],[385534.05083499453,3768115.6846474684],[385511.60470326105,3768068.9330098373],[385594.7454538595,3768027.6669846857],[385604.0871465914,3768112.9506195565],[385614.8170657633,3768137.5524906483],[385500.90698490303,3768229.763982538],[385489.023202724,3768239.445895303],[385482.1663105593,3768244.963408238],[385464.7968007876,3768259.037192804],[385385.902284437,3768322.8774784403],[385367.0114416416,3768257.229179794],[385358.4357207515,3768227.61079282],[385342.3228732019,3768177.8991211113]]]},"properties":{"GEOID":"060372062021002","POP100":146,"HU100":105,"AREALAND":36290}},{"type":"Feature","geometry":{"type":"Polygon","coordinates":[[[385138.42221803823,3768263.7775116465],[385114.1528463997,3768234.239278437],[385199.98270328314,3768171.421383186],[385210.42852331285,3768164.972844422],[385265.22892980266,3768131.5899046073],[385317.739675703,3768099.676873521],[385331.3734220388,3768142.875146994],[385342.3228732019,3768177.8991211113],[385358.4357207515,3768227.61079282],[385367.0114416416,3768257.229179794],[385385.902284437,3768322.8774784403],[385279.5816587284,3768401.1366868815],[385258.81232818693,3768416.4720708327],[385244.5440153388,3768427.4032992227],[385199.0073126898,3768356.977471914],[385158.46042160335,3768294.587295807],[385138.42221803823,3768263.7775116465]]]},"properties":{"GEOID":"060372062012002","POP100":1545,"HU100":990,"AREALAND":48130}},{"type":"Feature","geometry":{"type":"Polygon","coordinates":[[[383090.60481488524,3768201.402279186],[383082.4106569148,3768195.736587843],[383099.8304436415,3768185.9830347076],[383102.5306373098,3768187.835036606],[383111.8461389253,3768194.5959194344],[383330.0620966205,3768349.4948438853],[383463.24162466684,3768444.0058699436],[383467.15523603506,3768446.9520434635],[383449.62688302045,3768455.3754261485],[383437.6132011319,3768446.873051106],[383363.86908403854,3768395.8795496263],[383332.3900228279,3768373.5326923733],[383309.1915896253,3768356.4071396748],[383254.1361772629,3768316.2741934513],[383147.4925974186,3768240.2916694907],[383090.60481488524,3768201.402279186]]]},"properties":{"GEOID":"060372093003000","POP100":0,"HU100":0,"AREALAND":7809}},{"type":"Feature","geometry":{"type":"Polygon","coordinates":[[[383016.1444938246,3768383.5449435073],[382998.21999878675,3768382.3252348076],[383039.6619592864,3768359.2979558404],[383048.1884305021,3768354.534262368],[383054.32739963505,3768350.798310264],[383060.9086664416,3768345.5042398544],[383067.91987705685,3768337.6540322816],[383073.1773149801,3768329.825456362],[383077.22525481763,3768321.2355699716],[383079.96583176387,3768311.441884374],[383080.3834167074,3768307.8877178947],[383081.03255798714,3768300.6708218902],[383077.2314671449,3768239.719519157],[383077.2660919707,3768235.061023211],[383078.4485386971,3768226.173942727],[383081.0183018702,3768217.4914050484],[383085.7937073648,3768208.0052623725],[383089.6968679498,3768202.633513256],[383090.60481488524,3768201.402279186],[383147.4925974186,3768240.2916694907],[383254.1361772629,3768316.2741934513],[383309.1915896253,3768356.4071396748],[383332.3900228279,3768373.5326923733],[383363.86908403854,3768395.8795496263],[383437.6132011319,3768446.873051106],[383449.62688302045,3768455.3754261485],[383436.1378855829,3768461.974465294],[383323.6185835096,3768515.3789813914],[383310.06363950355,3768501.6832210636],[383288.37563630514,3768457.3670560084],[383260.3428033777,3768400.1532994225],[383259.15843529854,3768393.9572398686],[383259.10771349905,3768389.854350933],[383260.34283485473,3768377.750328729],[383259.41750194156,3768370.1091928063],[383191.13747489767,3768387.811242826],[383172.98675902304,3768390.6976049645],[383154.54135487846,3768392.1457085605],[383136.07399977674,3768391.81976153],[383122.85963860457,3768390.763335294],[383016.1444938246,3768383.5449435073]]]},"properties":{"GEOID":"060372093003001","POP100":707,"HU100":527,"AREALAND":42435}},{"type":"Feature","geometry":{"type":"Polygon","coordinates":[[[385761.6216864978,3769481.9397373796],[385684.23304994684,3769303.543170786],[385762.90146770584,3769305.4743478363],[385862.06524369423,3769437.4718291066],[385761.6216864978,3769481.9397373796]]]},"properties":{"GEOID":"060372071021011","POP100":13,"HU100":13,"AREALAND":15784}},{"type":"Feature","geometry":{"type":"Polygon","coordinates":[[[385556.1103211833,3767452.427960733],[385538.9222058887,3767176.8159980825],[385682.28854012256,3767076.1530190855],[385689.0432805061,3767184.203397205],[385694.4178299452,3767269.756815694],[385704.9714315412,3767439.9788089423],[385557.26585324714,3767471.6005255454],[385556.1103211833,3767452.427960733]]]},"properties":{"GEOID":"060372063031001","POP100":4,"HU100":2,"AREALAND":49310}},{"type":"Feature","geometry":{"type":"Polygon","coordinates":[[[384155.1081752412,3769290.908421864],[384195.7842031966,3769258.246733393],[384197.8865980483,3769256.557359535],[384209.40131390333,3769247.10004276],[384267.067247648,3769312.7144947615],[384321.73284932505,3769374.5952982754],[384254.0359845583,3769424.3345572785],[384155.1081752412,3769290.908421864]]]},"properties":{"GEOID":"060372080011010","POP100":0,"HU100":0,"AREALAND":12890}},{"type":"Feature","geometry":{"type":"Polygon","coordinates":[[[385725.4795746743,3767769.1177703817],[385717.7040133391,3767645.3311931933],[385755.98571964167,3767650.302462587],[385864.81965562445,3767664.402533013],[385959.59958837717,3767676.7880769507],[385970.6819571733,3767677.0979157765],[385981.65463061543,3767675.967313797],[385992.33035156224,3767673.17671219],[385997.57052695187,3767671.3389991364],[386007.1010259782,3767665.4569414235],[386013.3459704403,3767662.7198354914],[385850.00727282185,3767783.249545553],[385844.88360212307,3767787.08225895],[385774.1647990664,3767863.352489125],[385761.28494290495,3767874.7096740874],[385749.66255755257,3767883.168074183],[385737.47295218764,3767890.5243586767],[385725.4505876608,3767896.436884107],[385725.4795746743,3767769.1177703817]]]},"properties":{"GEOID":"060372060512000","POP100":133,"HU100":54,"AREALAND":32856}},{"type":"Feature","geometry":{"type":"Polygon","coordinates":[[[384490.26014620654,3767818.080261042],[384450.3184518901,3767767.996010124],[384495.6680644177,3767731.840663778],[384629.96757282235,3767880.5869020433],[384583.8077601356,3767918.4150961502],[384562.80574786937,3767892.0544161303],[384490.26014620654,3767818.080261042]]]},"properties":{"GEOID":"060372073081001","POP100":318,"HU100":212,"AREALAND":11962}},{"type":"Feature","geometry":{"type":"Polygon","coordinates":[[[383581.8435855096,3769632.3423371525],[383621.45318019786,3769610.7817143253],[383720.51828287874,3769620.0968930856],[383746.2954011137,3769667.0253639603],[383747.2550957672,3769670.0080391834],[383747.3761322488,3769672.335553621],[383742.20494585077,3769739.6082713665],[383729.42942433746,3769736.549388825],[383670.6601942603,3769768.770861728],[383664.0071635853,3769783.1596911363],[383581.8435855096,3769632.3423371525]]]},"properties":{"GEOID":"060372083023002","POP100":494,"HU100":195,"AREALAND":17735}},{"type":"Feature","geometry":{"type":"Polygon","coordinates":[[[383416.2794287584,3769455.3832092187],[383422.5531311429,3769447.653200154],[383457.5028211523,3769429.920303615],[383466.10266777396,3769446.117347684],[383530.5899633317,3769413.3805397144],[383541.3561537467,3769433.099929167],[383543.55614437774,3769431.8527895357],[383558.66620677104,3769459.5038010525],[383571.07498597784,3769455.247281023],[383558.4219956588,3769432.2239807],[383561.4484525424,3769430.633938769],[383537.4563132715,3769386.3456532694],[383582.85805284866,3769362.828046246],[383610.5062160618,3769419.1601342196],[383629.67356052215,3769453.97014205],[383518.3809305673,3769516.1192823015],[383464.38407251076,3769546.1759390254],[383416.2794287584,3769455.3832092187]]]},"properties":{"GEOID":"060372083023008","POP100":453,"HU100":205,"AREALAND":17118}},{"type":"Feature","geometry":{"type":"Polygon","coordinates":[[[383594.6199155347,3768190.407336629],[383693.3553083894,3768111.7785392646],[383818.6298194548,3768269.1645010053],[383769.9015464797,3768307.9157045363],[383719.5258352596,3768347.796500536],[383594.6199155347,3768190.407336629]]]},"properties":{"GEOID":"060372077111006","POP100":9,"HU100":0,"AREALAND":25421}},{"type":"Feature","geometry":{"type":"Polygon","coordinates":[[[384349.9894475095,3769134.360109058],[384372.12264977733,3769147.730381598],[384395.63492313947,3769168.181845084],[384457.59156634705,3769245.057302716],[384468.5717999912,3769259.784231804],[384457.87657514994,3769268.3439625907],[384349.9894475095,3769134.360109058]]]},"properties":{"GEOID":"060372075011000","POP100":8,"HU100":0,"AREALAND":2140}},{"type":"Feature","geometry":{"type":"Polygon","coordinates":[[[385725.5064589716,3768076.5456108204],[385725.53086798685,3768048.0428132834],[385817.8648694166,3767972.952505411],[385818.920385628,3768075.526706347],[385725.5064589716,3768076.5456108204]]]},"properties":{"GEOID":"060372060521025","POP100":0,"HU100":0,"AREALAND":6109}},{"type":"Feature","geometry":{"type":"Polygon","coordinates":[[[384605.8023309515,3769959.4729190087],[384524.57951777836,3769869.0799885103],[384626.1675939791,3769707.579016686],[384628.2509826642,3769704.337309675],[384637.21411694825,3769690.0318124173],[384742.5688644995,3769798.8740381156],[384746.59003695176,3769803.1502427203],[384738.699078062,3769814.5589466942],[384691.4379625448,3769882.3450331264],[384671.9987032932,3769907.9799247202],[384651.16168789903,3769932.5228729635],[384640.1332549356,3769943.9700261466],[384613.8501771226,3769968.468780388],[384605.8023309515,3769959.4729190087]]]},"properties":{"GEOID":"060372080011006","POP100":0,"HU100":0,"AREALAND":31113}},{"type":"Feature","geometry":{"type":"Polygon","coordinates":[[[383737.902765258,3767560.8049908974],[383787.45474641013,3767521.156484617],[383913.46929994563,3767678.201985077],[383863.461581339,3767718.2990973527],[383737.902765258,3767560.8049908974]]]},"properties":{"GEOID":"060372079021002","POP100":369,"HU100":265,"AREALAND":12850}},{"type":"Feature","geometry":{"type":"Polygon","coordinates":[[[383933.8273292205,3767404.014997119],[383996.5459923503,3767353.7807362615],[384161.771506086,3767478.629014853],[384118.4363318739,3767513.430358388],[384059.559868799,3767560.733118149],[383933.8273292205,3767404.014997119]]]},"properties":{"GEOID":"060372079021006","POP100":585,"HU100":406,"AREALAND":21245}},{"type":"Feature","geometry":{"type":"Polygon","coordinates":[[[385391.90059985965,3767949.9421146023],[385339.9310082946,3767882.0335923596],[385407.6179318548,3767830.084900785],[385529.46992909524,3767989.086746399],[385513.0385917548,3767996.8274254813],[385450.52806988393,3768026.4206854315],[385391.90059985965,3767949.9421146023]]]},"properties":{"GEOID":"060372062021010","POP100":70,"HU100":2,"AREALAND":16320}},{"type":"Feature","geometry":{"type":"Polygon","coordinates":[[[385468.45758891106,3769420.7235935885],[385458.962041872,3769398.8795820405],[385531.2784045908,3769348.9822923206],[385544.7606444474,3769341.831797591],[385629.9492758103,3769539.09768983],[385523.8073544692,3769585.411829482],[385474.7600740779,3769438.059234109],[385468.45758891106,3769420.7235935885]]]},"properties":{"GEOID":"060372071021008","POP100":475,"HU100":308,"AREALAND":22165}},{"type":"Feature","geometry":{"type":"Polygon","coordinates":[[[383924.084755394,3769637.998131185],[383888.39975623664,3769573.446179752],[383959.07598835893,3769480.968751601],[384017.1365189875,3769586.1703491183],[383924.084755394,3769637.998131185]]]},"properties":{"GEOID":"060372080011003","POP100":29,"HU100":10,"AREALAND":10335}},{"type":"Feature","geometry":{"type":"Polygon","coordinates":[[[385440.91537691647,3767302.3282549377],[385414.55597088416,3767268.045656311],[385473.28442011273,3767223.0824429537],[385489.12157121266,3767211.9109254437],[385538.9222058887,3767176.8159980825],[385556.1103211833,3767452.427960733],[385440.91537691647,3767302.3282549377]]]},"properties":{"GEOID":"060372063031015","POP100":20,"HU100":14,"AREALAND":18045}},{"type":"Feature","geometry":{"type":"Polygon","coordinates":[[[384439.4272314811,3767156.9300274584],[384504.18419441365,3767084.2714781533],[384540.9233148756,3767121.419328607],[384648.9914957682,3767230.893458201],[384579.33909776085,3767310.9305450623],[384439.4272314811,3767156.9300274584]]]},"properties":{"GEOID":"060372260021012","POP100":26,"HU100":1,"AREALAND":20984}},{"type":"Feature","geometry":{"type":"Polygon","coordinates":[[[383304.77496805624,3767221.7833778225],[383295.2112574412,3767187.5207796493],[383340.6128905582,3767155.684580514],[383445.38154349517,3767280.934831257],[383388.51299426623,3767326.22079065],[383304.77496805624,3767221.7833778225]]]},"properties":{"GEOID":"060372079021033","POP100":405,"HU100":342,"AREALAND":11508}},{"type":"Feature","geometry":{"type":"Polygon","coordinates":[[[385198.0789947517,3767126.0538844094],[385243.8543540554,3767086.459180614],[385262.7681865165,3767070.1482462925],[385414.55597088416,3767268.045656311],[385346.86348106695,3767319.8832094492],[385198.0789947517,3767126.0538844094]]]},"properties":{"GEOID":"060372063031013","POP100":39,"HU100":0,"AREALAND":21072}},{"type":"Feature","geometry":{"type":"Polygon","coordinates":[[[384760.3748911111,3768036.0366616375],[384805.81387870386,3767999.660002962],[384871.72412997915,3768082.478812169],[384837.7195897136,3768132.9116927464],[384760.3748911111,3768036.0366616375]]]},"properties":{"GEOID":"060372073061007","POP100":156,"HU100":119,"AREALAND":6681}},{"type":"Feature","geometry":{"type":"Polygon","coordinates":[[[383719.5258352596,3768347.796500536],[383769.9015464797,3768307.9157045363],[383828.1316768987,3768381.17330928],[383777.6638531575,3768421.05496001],[383719.5258352596,3768347.796500536]]]},"properties":{"GEOID":"060372077122009","POP100":0,"HU100":0,"AREALAND":6017}},{"type":"Feature","geometry":{"type":"Polygon","coordinates":[[[385279.08086362755,3767371.833300077],[385292.9843812047,3767361.128492062],[385346.86348106695,3767319.8832094492],[385372.8484396235,3767353.726576483],[385365.62175981473,3767359.248648777],[385305.06728556706,3767405.7874029954],[385279.08086362755,3767371.833300077]]]},"properties":{"GEOID":"060372063031011","POP100":334,"HU100":70,"AREALAND":3652}},{"type":"Feature","geometry":{"type":"Polygon","coordinates":[[[385156.7340825058,3769662.8463750705],[385140.9266527459,3769645.7375037805],[385208.1963139312,3769575.825138024],[385236.91429515375,3769599.5424283687],[385250.7134384567,3769610.908750795],[385253.7017468877,3769613.7559832884],[385257.8218507646,3769618.585754494],[385261.3053040283,3769624.1995961755],[385265.5903752059,3769635.016240736],[385260.2190435582,3769793.0107180565],[385158.0970507753,3769790.038245187],[385158.31233048736,3769777.3924064385],[385159.4721706699,3769766.5095545994],[385161.02951939084,3769757.950903112],[385165.87193847203,3769738.7053593104],[385166.9961832228,3769732.481008601],[385168.2280789153,3769719.9337360812],[385168.07428679586,3769707.292377935],[385166.3272386843,3769692.674104462],[385163.9882378449,3769682.499290153],[385160.8198727225,3769672.4454008387],[385156.7340825058,3769662.8463750705]]]},"properties":{"GEOID":"060372071011005","POP100":505,"HU100":343,"AREALAND":19691}},{"type":"Feature","geometry":{"type":"Polygon","coordinates":[[[385441.3859173125,3769410.9597191536],[385458.962041872,3769398.8795820405],[385468.45758891106,3769420.7235935885],[385474.7600740779,3769438.059234109],[385523.8073544692,3769585.411829482],[385511.212365436,3769574.3631083667],[385441.3859173125,3769410.9597191536]]]},"properties":{"GEOID":"060372071021007","POP100":0,"HU100":0,"AREALAND":2892}},{"type":"Feature","geometry":{"type":"Polygon","coordinates":[[[383558.49373609596,3768674.6241663895],[383523.26438913064,3768610.067823567],[383571.94223637565,3768582.406419578],[383629.4081964507,3768623.620472937],[383635.38368963235,3768629.092138541],[383650.12287727976,3768641.553787272],[383664.37183432624,3768651.692473397],[383676.1950184636,3768659.753845552],[383689.34583070665,3768670.682409974],[383701.2208695376,3768682.9575607465],[383741.73320685857,3768734.3626359147],[383689.5667472672,3768771.0494726133],[383639.30003570614,3768797.066327891],[383631.5927556524,3768808.3628277937],[383558.49373609596,3768674.6241663895]]]},"properties":{"GEOID":"060372092011003","POP100":293,"HU100":225,"AREALAND":22463}},{"type":"Feature","geometry":{"type":"Polygon","coordinates":[[[383971.8339907028,3768663.8797949725],[384070.28763982945,3768585.036444792],[384188.3271131103,3768733.08883525],[384165.8783375184,3768739.2421695455],[384102.52497651376,3768789.7053713254],[384089.9568851298,3768811.1534885643],[383971.8339907028,3768663.8797949725]]]},"properties":{"GEOID":"060372075022013","POP100":3,"HU100":1,"AREALAND":22871}},{"type":"Feature","geometry":{"type":"Polygon","coordinates":[[[383755.3987974557,3769746.6546732094],[383775.5728999137,3769720.897869715],[383844.4209013716,3769682.564159384],[383850.36756874446,3769693.248884556],[383793.43664547487,3769724.8923616405],[383755.3987974557,3769746.6546732094]]]},"properties":{"GEOID":"060372080021011","POP100":0,"HU100":0,"AREALAND":1149}},{"type":"Feature","geometry":{"type":"Polygon","coordinates":[[[383850.36756874446,3769693.248884556],[383844.4209013716,3769682.564159384],[383924.084755394,3769637.998131185],[383918.66097000573,3769654.8116084617],[383850.36756874446,3769693.248884556]]]},"properties":{"GEOID":"060372080011018","POP100":0,"HU100":0,"AREALAND":1028}},{"type":"Feature","geometry":{"type":"Polygon","coordinates":[[[385355.7324706853,3768544.832038254],[385376.1110218466,3768406.0642512506],[385385.902284437,3768322.8774784403],[385414.0971135674,3768356.472261505],[385473.9985779365,3768439.2571323696],[385355.7324706853,3768544.832038254]]]},"properties":{"GEOID":"060372062012001","POP100":12,"HU100":9,"AREALAND":11530}},{"type":"Feature","geometry":{"type":"Polygon","coordinates":[[[383918.1564582341,3769163.3938440513],[383903.6971674523,3769136.066973175],[383949.7199232122,3769035.242296601],[384029.96618565184,3769135.2914251247],[383918.1564582341,3769163.3938440513]]]},"properties":{"GEOID":"060372092021001","POP100":13,"HU100":1,"AREALAND":8082}},{"type":"Feature","geometry":{"type":"Polygon","coordinates":[[[384694.91364020255,3768761.2695188182],[384687.78789389256,3768752.262295056],[384698.48392575333,3768743.7028873335],[384736.79293728137,3768713.40157102],[384729.494733602,3768705.3945815256],[384766.6136285773,3768675.884300745],[384777.93423267314,3768665.542843589],[384840.93586176325,3768744.8479054407],[384775.84309819015,3768796.7694614227],[384743.6627674919,3768822.448667308],[384695.85152509453,3768762.478059784],[384694.91364020255,3768761.2695188182]]]},"properties":{"GEOID":"060372075022014","POP100":667,"HU100":536,"AREALAND":11839}},{"type":"Feature","geometry":{"type":"Polygon","coordinates":[[[384888.61399988015,3769604.005278918],[384887.01128558686,3769601.252184369],[384919.2227043118,3769555.6099751177],[384922.2183231672,3769551.469980201],[384941.3861721811,3769526.171639532],[384961.48379911267,3769501.416593979],[384982.42163403844,3769477.4277229365],[385004.19959390303,3769454.204956301],[385044.8768661296,3769413.894515294],[385054.0903617365,3769404.9099171385],[385058.86342043534,3769410.2860904736],[385064.00962824124,3769415.9905118938],[385041.3886344565,3769438.22527868],[385018.79205898504,3769462.4560052697],[384996.9419911858,3769487.3432153994],[384976.1180386364,3769513.1051858678],[384956.13294754585,3769539.5224085827],[384916.84569436044,3769595.3431166294],[384898.73109748267,3769623.733992518],[384892.2971885527,3769610.836535883],[384888.61399988015,3769604.005278918]]]},"properties":{"GEOID":"060372071012002","POP100":0,"HU100":0,"AREALAND":4825}},{"type":"Feature","geometry":{"type":"Polygon","coordinates":[[[384213.3243984969,3767955.9996063286],[384262.240870912,3767917.2485435368],[384312.16232654714,3767877.598189655],[384437.3394516378,3768035.2149689426],[384387.05463707517,3768075.3127529826],[384338.87284793804,3768113.721449826],[384213.3243984969,3767955.9996063286]]]},"properties":{"GEOID":"060372073051009","POP100":40,"HU100":3,"AREALAND":25399}},{"type":"Feature","geometry":{"type":"Polygon","coordinates":[[[383297.9150467393,3769057.3618892166],[383266.34646797704,3768997.751935571],[383364.7655268937,3768946.7387455944],[383396.4259053848,3769006.347859598],[383297.9150467393,3769057.3618892166]]]},"properties":{"GEOID":"060372091032002","POP100":34,"HU100":1,"AREALAND":7486}},{"type":"Feature","geometry":{"type":"Polygon","coordinates":[[[383769.9015464797,3768307.9157045363],[383818.6298194548,3768269.1645010053],[383877.04708441056,3768342.641952943],[383828.1316768987,3768381.17330928],[383769.9015464797,3768307.9157045363]]]},"properties":{"GEOID":"060372077122008","POP100":0,"HU100":0,"AREALAND":5838}},{"type":"Feature","geometry":{"type":"Polygon","coordinates":[[[383145.89020207577,3768931.3674937016],[383097.7463649877,3768845.3456796724],[383262.7708765205,3768753.359066301],[383307.67090415035,3768838.4235627614],[383364.7655268937,3768946.7387455944],[383266.34646797704,3768997.751935571],[383201.8653347587,3769031.155765433],[383145.89020207577,3768931.3674937016]]]},"properties":{"GEOID":"060372091061000","POP100":67,"HU100":2,"AREALAND":40205}},{"type":"Feature","geometry":{"type":"Polygon","coordinates":[[[384074.0605369854,3767982.4398235213],[383989.2035886557,3767876.014263794],[384087.9496065549,3767797.722532402],[384213.3243984969,3767955.9996063286],[384164.22638204094,3767994.9749077847],[384115.1288529417,3768033.9505675393],[384074.0605369854,3767982.4398235213]]]},"properties":{"GEOID":"060372077121004","POP100":491,"HU100":411,"AREALAND":25397}},{"type":"Feature","geometry":{"type":"Polygon","coordinates":[[[384156.33111754345,3767178.0311035034],[384190.01860847214,3767154.438862701],[384244.0804037909,3767113.2958430164],[384365.01911765937,3767240.575849563],[384307.64117061644,3767304.93804576],[384156.33111754345,3767178.0311035034]]]},"properties":{"GEOID":"060372079021022","POP100":67,"HU100":40,"AREALAND":17962}},{"type":"Feature","geometry":{"type":"Polygon","coordinates":[[[383772.3209500346,3768676.980504072],[383773.7667197485,3768659.4395154426],[383777.46109499165,3768614.5881548002],[383779.07142843143,3768602.923168795],[383781.5275865939,3768592.4677807237],[383785.3750046374,3768582.54980009],[383867.31400368625,3768684.6840793877],[383876.0573985959,3768697.5525533194],[383886.35936513485,3768717.056165128],[383844.8020360954,3768723.223489619],[383820.10684479424,3768726.8545139623],[383792.6038436684,3768697.3593428973],[383790.92194375664,3768695.716439403],[383775.8747874126,3768680.7074851366],[383772.3209500346,3768676.980504072]]]},"properties":{"GEOID":"060372077111001","POP100":20,"HU100":2,"AREALAND":8085}},{"type":"Feature","geometry":{"type":"Polygon","coordinates":[[[382955.31503545627,3767780.747678289],[382970.17003739957,3767772.5783465356],[382981.64134365716,3767767.001840481],[382999.4681045119,3767760.2375168456],[383014.9265405426,3767756.0534460396],[383030.5846792496,3767753.086813138],[383053.54762704746,3767751.027990117],[383074.9467677284,3767749.4322219016],[383148.3696547569,3767744.0873485454],[383162.2891259445,3767742.3624131945],[383178.77126778965,3767738.83140539],[383192.10528798815,3767734.562944876],[383205.05635423044,3767729.1902176067],[383218.5394211008,3767722.036446052],[383252.57941466675,3767764.6471642246],[383279.25867340463,3767794.3729017293],[383314.601433182,3767837.8549944432],[383316.7458853566,3767847.0336466],[383316.3459917485,3767852.0293573425],[383314.55736810155,3767856.7095375075],[383310.8289236855,3767861.3027317342],[383308.4494819598,3767862.9957174887],[383299.8991388716,3767865.8739521555],[383244.3057255517,3767879.5370340124],[383236.13288941525,3767883.0761895557],[383233.1996356089,3767884.7760380283],[383230.4701591842,3767888.0260850326],[383227.9376046881,3767892.2717482196],[383226.7029451551,3767896.945078907],[383200.9418921531,3767904.139847169],[383180.07183754735,3767911.1631531552],[383170.4234362234,3767914.8315569456],[383146.3624509133,3767925.1106947185],[383120.3078399425,3767938.409110387],[383103.3449830579,3767947.8242690214],[383072.26165041863,3767965.066758763],[383060.89252613205,3767971.4182599746],[383008.198645552,3767876.247997602],[383003.5725172653,3767867.987356704],[382955.31503545627,3767780.747678289]]]},"properties":{"GEOID":"060372077111018","POP100":292,"HU100":223,"AREALAND":51166}},{"type":"Feature","geometry":{"type":"Polygon","coordinates":[[[383292.5788946155,3769603.8624806646],[383281.65747660596,3769594.015991345],[383314.50009798753,3769465.6242142757],[383341.9554831173,3769498.7785371277],[383407.2716283361,3769578.0457752883],[383468.1854695549,3769659.6968521005],[383379.72820031614,3769672.212689356],[383351.19428811665,3769648.83134462],[383331.35827373614,3769634.658676114],[383302.09262169595,3769611.841067554],[383292.5788946155,3769603.8624806646]]]},"properties":{"GEOID":"060372083023006","POP100":337,"HU100":117,"AREALAND":17553}},{"type":"Feature","geometry":{"type":"Polygon","coordinates":[[[383341.9554831173,3769498.7785371277],[383355.0641247989,3769491.4076066953],[383410.0044507562,3769463.0023837923],[383416.2794287584,3769455.3832092187],[383464.38407251076,3769546.1759390254],[383425.5142640328,3769567.838917148],[383407.2716283361,3769578.0457752883],[383341.9554831173,3769498.7785371277]]]},"properties":{"GEOID":"060372083023007","POP100":162,"HU100":41,"AREALAND":7594}},{"type":"Feature","geometry":{"type":"Polygon","coordinates":[[[385123.5269630632,3767646.328264948],[385058.35762126016,3767540.9848834863],[385138.7621095262,3767479.4527193713],[385289.98308351566,3767676.5785914045],[385191.0119614855,3767752.420186628],[385186.05297461455,3767754.587690827],[385123.5269630632,3767646.328264948]]]},"properties":{"GEOID":"060372063031006","POP100":826,"HU100":57,"AREALAND":28518}},{"type":"Feature","geometry":{"type":"Polygon","coordinates":[[[383528.40142148326,3768861.871852344],[383568.1188978208,3768841.308024829],[383631.5927556524,3768808.3628277937],[383644.5972046932,3768807.426154209],[383691.3838840323,3768783.6704221545],[383708.8244018912,3768768.150554449],[383761.6548183035,3768867.869819361],[383748.7213611791,3768874.572492247],[383604.899663212,3768949.4315035925],[383581.2346773465,3768961.7010924728],[383528.40142148326,3768861.871852344]]]},"properties":{"GEOID":"060372092021012","POP100":14,"HU100":1,"AREALAND":22576}},{"type":"Feature","geometry":{"type":"Polygon","coordinates":[[[384075.0827243065,3768186.0499911685],[384017.20906388503,3768111.6774585424],[384115.1288529417,3768033.9505675393],[384240.95624803455,3768191.7786961677],[384141.4884530976,3768271.186932905],[384075.0827243065,3768186.0499911685]]]},"properties":{"GEOID":"060372077122010","POP100":28,"HU100":1,"AREALAND":25503}},{"type":"Feature","geometry":{"type":"Polygon","coordinates":[[[384590.1473782799,3768429.6113607674],[384687.9623911862,3768350.7826853995],[384813.7827355397,3768509.1725675934],[384715.7771781735,3768587.4478537682],[384590.1473782799,3768429.6113607674]]]},"properties":{"GEOID":"060372073051003","POP100":140,"HU100":121,"AREALAND":25369}},{"type":"Feature","geometry":{"type":"Polygon","coordinates":[[[384303.49124492134,3768473.488804748],[384266.7532890466,3768428.5785538265],[384366.2217180715,3768349.2825295306],[384492.22686960327,3768507.2224858827],[384394.3988064681,3768584.7226642934],[384391.58634168224,3768581.208146126],[384328.32604019064,3768503.7944754492],[384303.49124492134,3768473.488804748]]]},"properties":{"GEOID":"060372075022018","POP100":25,"HU100":2,"AREALAND":25438}},{"type":"Feature","geometry":{"type":"Polygon","coordinates":[[[383661.3437774144,3767364.113692403],[383710.35093787196,3767325.1369418586],[383836.27551589324,3767482.071691738],[383787.45474641013,3767521.156484617],[383661.3437774144,3767364.113692403]]]},"properties":{"GEOID":"060372079021011","POP100":0,"HU100":0,"AREALAND":12603}},{"type":"Feature","geometry":{"type":"Polygon","coordinates":[[[384200.44762281136,3767425.252966819],[384239.06316856074,3767381.9701528545],[384341.3179086331,3767461.4567620233],[384405.715645144,3767510.5759063326],[384372.3940838575,3767548.9133539763],[384326.63927934057,3767514.316522691],[384315.9094728121,3767512.673413398],[384200.44762281136,3767425.252966819]]]},"properties":{"GEOID":"060372073032002","POP100":0,"HU100":0,"AREALAND":11632}},{"type":"Feature","geometry":{"type":"Polygon","coordinates":[[[384579.33909776085,3767310.9305450623],[384648.9914957682,3767230.893458201],[384850.70352276124,3767425.9545455095],[384754.4070559037,3767509.087853462],[384721.7727450861,3767467.674800752],[384579.33909776085,3767310.9305450623]]]},"properties":{"GEOID":"060372260021002","POP100":32,"HU100":1,"AREALAND":31306}},{"type":"Feature","geometry":{"type":"Polygon","coordinates":[[[385405.49362940737,3767396.2506635897],[385372.8484396235,3767353.726576483],[385433.3139709874,3767307.4111903883],[385440.91537691647,3767302.3282549377],[385556.1103211833,3767452.427960733],[385557.26585324714,3767471.6005255454],[385497.9900738866,3767517.013457543],[385405.49362940737,3767396.2506635897]]]},"properties":{"GEOID":"060372063031002","POP100":261,"HU100":150,"AREALAND":17476}},{"type":"Feature","geometry":{"type":"Polygon","coordinates":[[[383452.45586899156,3769925.7331606844],[383442.07149017294,3769907.0072918623],[383664.0071635853,3769783.1596911363],[383677.33499958646,3769786.1008165963],[383742.51514696504,3769749.8078214773],[383755.3987974557,3769746.6546732094],[383749.1256531486,3769814.384636508],[383508.3452863692,3769937.0210117637],[383504.90600659826,3769987.4149042675],[383459.1630116886,3770012.9335264466],[383447.86361220316,3770039.690515093],[383449.6657204516,3770013.7161880177],[383451.7767577657,3769982.858261565],[383452.4745343635,3769972.0917159244],[383454.6615192631,3769939.9019410806],[383454.3892596539,3769932.807297439],[383452.45586899156,3769925.7331606844]]]},"properties":{"GEOID":"060372083021006","POP100":15,"HU100":1,"AREALAND":23546}},{"type":"Feature","geometry":{"type":"Polygon","coordinates":[[[385347.15020498564,3769662.4169019284],[385325.58909091464,3769490.775677501],[385380.0553034949,3769453.29360406],[385441.3859173125,3769410.9597191536],[385511.212365436,3769574.3631083667],[385523.8073544692,3769585.411829482],[385451.6386964122,3769616.8971304717],[385401.5055080989,3769638.688539765],[385496.08561907173,3769856.8003898896],[385423.08183030447,3769887.741702329],[385394.8869722638,3769899.3963034754],[385383.7565530259,3769902.5259394757],[385372.2395492833,3769904.2185070063],[385360.61403191596,3769904.581472857],[385347.49046181334,3769903.188182129],[385336.1963904146,3769900.4419135614],[385330.72985116165,3769898.7337747794],[385341.0480390076,3769767.961996045],[385348.4766170162,3769672.825927806],[385347.15020498564,3769662.4169019284]]]},"properties":{"GEOID":"060372071021006","POP100":1449,"HU100":537,"AREALAND":56398}},{"type":"Feature","geometry":{"type":"Polygon","coordinates":[[[383786.43877733237,3769981.171403995],[383789.99310445413,3769925.009185152],[383791.3912979874,3769911.1287346506],[383797.65075426723,3769819.7759962417],[383803.2465112531,3769764.4759512832],[383852.83097685187,3769735.917358247],[383833.3560524464,3769945.9911980615],[383837.51225445565,3769953.703411207],[383786.43877733237,3769981.171403995]]]},"properties":{"GEOID":"060372080021009","POP100":151,"HU100":61,"AREALAND":10126}},{"type":"Feature","geometry":{"type":"Polygon","coordinates":[[[383414.3908054119,3767560.245311549],[383513.1343658103,3767481.83670987],[383639.34416250477,3767639.3198765595],[383540.2389035128,3767718.2862695027],[383414.3908054119,3767560.245311549]]]},"properties":{"GEOID":"060372079022000","POP100":168,"HU100":126,"AREALAND":25535}},{"type":"Feature","geometry":{"type":"Polygon","coordinates":[[[383487.80464001076,3767247.139756264],[383547.41759845277,3767199.7134495177],[383585.1797623442,3767169.747096268],[383710.35093787196,3767325.1369418586],[383661.3437774144,3767364.113692403],[383612.2460906064,3767403.2027941872],[383487.80464001076,3767247.139756264]]]},"properties":{"GEOID":"060372079021015","POP100":175,"HU100":107,"AREALAND":24935}},{"type":"Feature","geometry":{"type":"Polygon","coordinates":[[[385608.88218052743,3769308.7811924336],[385636.61391332204,3769304.4526448273],[385654.04385099176,3769303.1324365404],[385684.23304994684,3769303.543170786],[385761.6216864978,3769481.9397373796],[385694.1328237531,3769511.2594044833],[385608.88218052743,3769308.7811924336]]]},"properties":{"GEOID":"060372071021010","POP100":46,"HU100":34,"AREALAND":15127}},{"type":"Feature","geometry":{"type":"Polygon","coordinates":[[[383585.1797623442,3767169.747096268],[383666.8285335377,3767104.748772949],[383780.8860061142,3767257.3928281968],[383787.5207542941,3767263.854673894],[383752.5927809013,3767291.5671462812],[383710.35093787196,3767325.1369418586],[383585.1797623442,3767169.747096268]]]},"properties":{"GEOID":"060372079021016","POP100":121,"HU100":71,"AREALAND":20119}},{"type":"Feature","geometry":{"type":"Polygon","coordinates":[[[383988.8861638675,3768075.648327112],[383892.20069774997,3767953.287575917],[383989.2035886557,3767876.014263794],[384074.0605369854,3767982.4398235213],[384115.1288529417,3768033.9505675393],[384017.20906388503,3768111.6774585424],[383988.8861638675,3768075.648327112]]]},"properties":{"GEOID":"060372077121003","POP100":1031,"HU100":827,"AREALAND":25141}},{"type":"Feature","geometry":{"type":"Polygon","coordinates":[[[383396.4259053848,3769006.347859598],[383364.7655268937,3768946.7387455944],[383439.06200111844,3768908.2240679925],[383516.568895992,3768868.0067490847],[383528.40142148326,3768861.871852344],[383581.2346773465,3768961.7010924728],[383458.23535184003,3769025.6586408843],[383417.78604876535,3769046.6756964833],[383396.4259053848,3769006.347859598]]]},"properties":{"GEOID":"060372092021011","POP100":12,"HU100":1,"AREALAND":20837}},{"type":"Feature","geometry":{"type":"Polygon","coordinates":[[[385818.920385628,3768075.526706347],[385817.8648694166,3767972.952505411],[385873.95898716216,3767916.4894260005],[385906.0536357424,3767921.4250839814],[385907.90360979404,3768074.5621685055],[385818.920385628,3768075.526706347]]]},"properties":{"GEOID":"060372060521026","POP100":360,"HU100":193,"AREALAND":12415}},{"type":"Feature","geometry":{"type":"Polygon","coordinates":[[[385157.6897983145,3768086.9822477344],[385115.8712721661,3768003.646629569],[385269.7742096836,3767935.7872797293],[385280.323304357,3767960.612713797],[385286.7596726673,3767981.2737814016],[385297.58333353954,3768028.7206046693],[385157.6897983145,3768086.9822477344]]]},"properties":{"GEOID":"060372062011003","POP100":80,"HU100":3,"AREALAND":15335}},{"type":"Feature","geometry":{"type":"Polygon","coordinates":[[[383294.85071484407,3768077.433972791],[383319.51508852164,3768063.7096105493],[383440.54556076817,3767996.3369866093],[383467.46024723473,3768030.274756876],[383496.24959018175,3768066.518499961],[383357.7683417428,3768156.065368182],[383335.07573883625,3768127.6209804527],[383294.85071484407,3768077.433972791]]]},"properties":{"GEOID":"060372077111015","POP100":0,"HU100":0,"AREALAND":15636}},{"type":"Feature","geometry":{"type":"Polygon","coordinates":[[[384871.72412997915,3768082.478812169],[384905.27697246464,3768032.827939215],[384978.04371855356,3768095.046491401],[384928.29104631214,3768148.6652279985],[384871.72412997915,3768082.478812169]]]},"properties":{"GEOID":"060372073061005","POP100":59,"HU100":47,"AREALAND":6016}},{"type":"Feature","geometry":{"type":"Polygon","coordinates":[[[384075.7471846361,3767254.7681000303],[384114.4757007044,3767213.146978573],[384135.7535624414,3767194.032039101],[384146.90708750125,3767185.022802552],[384156.33111754345,3767178.0311035034],[384307.64117061644,3767304.93804576],[384239.06316856074,3767381.9701528545],[384075.7471846361,3767254.7681000303]]]},"properties":{"GEOID":"060372079021021","POP100":0,"HU100":0,"AREALAND":21802}},{"type":"Feature","geometry":{"type":"Polygon","coordinates":[[[385405.2865965479,3768847.555982128],[385477.49976188305,3768773.5933234473],[385577.0501160356,3768906.248831209],[385589.4362196261,3768922.845321406],[385597.0357985007,3768932.956550245],[385519.3887079944,3768992.6774221985],[385514.6063075979,3768986.524678437],[385405.2865965479,3768847.555982128]]]},"properties":{"GEOID":"060372074001027","POP100":0,"HU100":0,"AREALAND":19224}},{"type":"Feature","geometry":{"type":"Polygon","coordinates":[[[383614.936621743,3768550.4900108064],[383628.0071852115,3768539.9037783304],[383634.77190625475,3768534.496936983],[383660.8221489625,3768513.436565665],[383777.6638531575,3768421.05496001],[383842.74036962225,3768503.100876527],[383845.74044798047,3768506.8347656275],[383795.8580863646,3768564.2322677947],[383785.3750046374,3768582.54980009],[383781.5275865939,3768592.4677807237],[383779.07142843143,3768602.923168795],[383777.46109499165,3768614.5881548002],[383773.7667197485,3768659.4395154426],[383772.3209500346,3768676.980504072],[383768.6817334944,3768673.8090269957],[383741.40940742765,3768648.081889539],[383728.25444826134,3768636.8205399816],[383714.9162558436,3768625.6723911352],[383692.8212583704,3768608.0886517675],[383614.936621743,3768550.4900108064]]]},"properties":{"GEOID":"060372077111002","POP100":13,"HU100":2,"AREALAND":26279}},{"type":"Feature","geometry":{"type":"Polygon","coordinates":[[[384492.22686960327,3768507.2224858827],[384525.6903332869,3768480.7504658657],[384651.68703106686,3768638.3597394787],[384618.13415719144,3768665.0542713027],[384566.00912055175,3768599.7026835596],[384550.6332890463,3768580.3712965697],[384492.22686960327,3768507.2224858827]]]},"properties":{"GEOID":"060372075021002","POP100":298,"HU100":208,"AREALAND":8634}},{"type":"Feature","geometry":{"type":"Polygon","coordinates":[[[384466.77535564173,3768675.4447672265],[384394.3988064681,3768584.7226642934],[384492.22686960327,3768507.2224858827],[384550.6332890463,3768580.3712965697],[384566.00912055175,3768599.7026835596],[384468.78420913167,3768673.645729439],[384466.77535564173,3768675.4447672265]]]},"properties":{"GEOID":"060372075022015","POP100":3,"HU100":1,"AREALAND":14621}},{"type":"Feature","geometry":{"type":"Polygon","coordinates":[[[385689.0432805061,3767184.203397205],[385682.28854012256,3767076.1530190855],[386047.1373432828,3767081.1721269535],[386099.4033736591,3767081.8726697443],[386210.02956216334,3767083.3121740967],[386208.99371892074,3767096.9659380517],[386201.67371394986,3767186.775839799],[386192.81642792094,3767294.57077001],[386191.6990386527,3767309.1126901275],[386189.40702441393,3767325.775965795],[386123.12298733345,3767318.5896897097],[386020.3153606372,3767306.853747937],[385914.2723847967,3767294.8252694155],[385805.1774520761,3767282.3912712554],[385694.4178299452,3767269.756815694],[385689.0432805061,3767184.203397205]]]},"properties":{"GEOID":"060372060512018","POP100":200,"HU100":173,"AREALAND":111855}},{"type":"Feature","geometry":{"type":"Polygon","coordinates":[[[384389.881396,3767212.5451912666],[384439.4272314811,3767156.9300274584],[384579.33909776085,3767310.9305450623],[384543.5576656524,3767352.0699887276],[384389.881396,3767212.5451912666]]]},"properties":{"GEOID":"060372260021013","POP100":18,"HU100":1,"AREALAND":13369}},{"type":"Feature","geometry":{"type":"Polygon","coordinates":[[[383898.00448237977,3767253.7345641665],[383863.60018584406,3767203.917254877],[383956.7636315538,3767129.131155626],[384006.2060554691,3767200.612547135],[384075.7471846361,3767254.7681000303],[384029.2355423885,3767316.6696573547],[384017.13765507634,3767331.4577349448],[383996.5459923503,3767353.7807362615],[383940.8145480258,3767311.433971902],[383932.4001673683,3767302.886667517],[383928.2702399621,3767297.3921679393],[383898.00448237977,3767253.7345641665]]]},"properties":{"GEOID":"060372079021019","POP100":0,"HU100":0,"AREALAND":23350}},{"type":"Feature","geometry":{"type":"Polygon","coordinates":[[[384291.65059963486,3768659.8443226023],[384234.00132092676,3768588.35140202],[384328.32604019064,3768503.7944754492],[384391.58634168224,3768581.208146126],[384394.3988064681,3768584.7226642934],[384294.9313753824,3768663.9076614454],[384291.65059963486,3768659.8443226023]]]},"properties":{"GEOID":"060372075022017","POP100":0,"HU100":0,"AREALAND":12788}},{"type":"Feature","geometry":{"type":"Polygon","coordinates":[[[383347.14887877123,3769732.282812403],[383347.15618347394,3769725.4064967628],[383349.6832286762,3769713.2864782345],[383356.63467244327,3769700.668220405],[383367.2654093878,3769687.006295701],[383379.72820031614,3769672.212689356],[383468.1854695549,3769659.6968521005],[383480.7164155151,3769657.8785547516],[383499.9749375202,3769655.200900766],[383553.9693193523,3769647.436676998],[383581.8435855096,3769632.3423371525],[383664.0071635853,3769783.1596911363],[383442.07149017294,3769907.0072918623],[383376.0191392211,3769790.373599418],[383348.5588091305,3769741.8033027174],[383347.14887877123,3769732.282812403]]]},"properties":{"GEOID":"060372083023001","POP100":0,"HU100":0,"AREALAND":52166}},{"type":"Feature","geometry":{"type":"Polygon","coordinates":[[[385852.01237564295,3769705.318126522],[385761.6216864978,3769481.9397373796],[385862.06524369423,3769437.4718291066],[385882.4632074208,3769544.2484865924],[385908.67179963214,3769681.232113096],[385852.01237564295,3769705.318126522]]]},"properties":{"GEOID":"060372071021001","POP100":0,"HU100":0,"AREALAND":20703}},{"type":"Feature","geometry":{"type":"Polygon","coordinates":[[[383844.4209013716,3769682.564159384],[383775.5728999137,3769720.897869715],[383848.5185882588,3769625.508089359],[383888.39975623664,3769573.446179752],[383924.084755394,3769637.998131185],[383844.4209013716,3769682.564159384]]]},"properties":{"GEOID":"060372080011013","POP100":38,"HU100":1,"AREALAND":6286}},{"type":"Feature","geometry":{"type":"Polygon","coordinates":[[[384185.0704283874,3769776.8626904734],[384180.356645012,3769768.8244173545],[384201.0805707181,3769757.7013375713],[384230.42399822274,3769741.925533598],[384282.62898720306,3769836.6643428397],[384251.81870493485,3769853.234392821],[384233.8472629809,3769862.9926318456],[384208.35272508446,3769816.2813435644],[384185.0704283874,3769776.8626904734]]]},"properties":{"GEOID":"060372080011002","POP100":107,"HU100":66,"AREALAND":6028}},{"type":"Feature","geometry":{"type":"Polygon","coordinates":[[[383567.6993309168,3767953.7334085978],[383589.5501685118,3767936.384552391],[383665.8900862007,3767875.6657678206],[383717.36550990917,3767939.9116821876],[383707.4092313043,3767948.574017401],[383619.3678246592,3768018.6419134894],[383567.6993309168,3767953.7334085978]]]},"properties":{"GEOID":"060372077111024","POP100":362,"HU100":272,"AREALAND":10414}},{"type":"Feature","geometry":{"type":"Polygon","coordinates":[[[383775.06639690057,3769327.4097188753],[383735.2809523759,3769252.3726448864],[383870.842871002,3769181.720675689],[383878.82612565206,3769177.851621441],[383895.0804842051,3769170.997381432],[383918.1564582341,3769163.3938440513],[383940.9310627375,3769206.3670873707],[383891.95598752605,3769262.2004360533],[383775.06639690057,3769327.4097188753]]]},"properties":{"GEOID":"060372080011016","POP100":503,"HU100":301,"AREALAND":15712}},{"type":"Feature","geometry":{"type":"Polygon","coordinates":[[[384097.7374845321,3768820.8177413354],[384195.9216592703,3768742.644423923],[384321.5501984238,3768900.1431074464],[384223.81870496774,3768977.533239492],[384217.72557680827,3768969.9554933948],[384097.7374845321,3768820.8177413354]]]},"properties":{"GEOID":"060372075022007","POP100":252,"HU100":0,"AREALAND":25190}},{"type":"Feature","geometry":{"type":"Polygon","coordinates":[[[383307.67090415035,3768838.4235627614],[383262.7708765205,3768753.359066301],[383335.86046188977,3768714.1931257457],[383400.88160483824,3768679.4526876956],[383450.05711135425,3768759.47423155],[383516.568895992,3768868.0067490847],[383439.06200111844,3768908.2240679925],[383364.7655268937,3768946.7387455944],[383307.67090415035,3768838.4235627614]]]},"properties":{"GEOID":"060372092011005","POP100":1215,"HU100":928,"AREALAND":36015}},{"type":"Feature","geometry":{"type":"Polygon","coordinates":[[[384223.81870496774,3768977.533239492],[384321.5501984238,3768900.1431074464],[384350.17900786514,3768946.372772814],[384367.96121154807,3768958.6872544894],[384387.27971131646,3768968.321291361],[384397.19482412864,3768971.416128259],[384415.7070644788,3768975.5148358145],[384456.95812702755,3768982.1078495705],[384508.5680253341,3768990.348795876],[384536.77401030983,3768987.0093558654],[384349.9894475095,3769134.360109058],[384223.81870496774,3768977.533239492]]]},"properties":{"GEOID":"060372075011002","POP100":640,"HU100":457,"AREALAND":30826}},{"type":"Feature","geometry":{"type":"Polygon","coordinates":[[[383735.2809523759,3769252.3726448864],[383683.9644215353,3769155.518422717],[383864.289342391,3769061.6902348753],[383903.6971674523,3769136.066973175],[383918.1564582341,3769163.3938440513],[383895.0804842051,3769170.997381432],[383878.82612565206,3769177.851621441],[383870.842871002,3769181.720675689],[383735.2809523759,3769252.3726448864]]]},"properties":{"GEOID":"060372092021002","POP100":0,"HU100":0,"AREALAND":22383}},{"type":"Feature","geometry":{"type":"Polygon","coordinates":[[[384029.96618565184,3769135.2914251247],[384033.5548246221,3769134.3600310157],[384048.36219823104,3769122.422211511],[384058.23481856554,3769114.537504622],[384066.5532761394,3769107.8919241577],[384079.8977146478,3769097.0811105925],[384128.0506602513,3769154.6045855726],[384209.40131390333,3769247.10004276],[384197.8865980483,3769256.557359535],[384195.7842031966,3769258.246733393],[384155.1081752412,3769290.908421864],[384105.98946246796,3769229.847659837],[384029.96618565184,3769135.2914251247]]]},"properties":{"GEOID":"060372080011017","POP100":0,"HU100":0,"AREALAND":13038}},{"type":"Feature","geometry":{"type":"Polygon","coordinates":[[[384583.8077601356,3767918.4150961502],[384629.96757282235,3767880.5869020433],[384685.652523482,3767942.346511973],[384760.3748911111,3768036.0366616375],[384710.5394767519,3768075.2400078718],[384583.8077601356,3767918.4150961502]]]},"properties":{"GEOID":"060372073071001","POP100":234,"HU100":246,"AREALAND":12753}},{"type":"Feature","geometry":{"type":"Polygon","coordinates":[[[385400.10493446403,3767675.020121891],[385360.04978116474,3767622.8262769734],[385430.20813697914,3767568.962486063],[385547.9341822906,3767722.4693853534],[385477.7762912536,3767776.3323622625],[385400.10493446403,3767675.020121891]]]},"properties":{"GEOID":"060372062021014","POP100":42,"HU100":28,"AREALAND":17117}},{"type":"Feature","geometry":{"type":"Polygon","coordinates":[[[383316.3790903708,3767637.980620067],[383375.25972893334,3767591.338404112],[383414.3908054119,3767560.245311549],[383540.2389035128,3767718.2862695027],[383442.4153147804,3767796.239752343],[383316.3790903708,3767637.980620067]]]},"properties":{"GEOID":"060372079011001","POP100":676,"HU100":457,"AREALAND":25299}},{"type":"Feature","geometry":{"type":"Polygon","coordinates":[[[385356.072567779,3769188.6323336554],[385344.63490083587,3769174.1317520435],[385442.9483734785,3769098.5208306224],[385444.91616198054,3769100.9369283067],[385456.1650761044,3769115.107144766],[385421.7596815069,3769140.034678801],[385356.072567779,3769188.6323336554]]]},"properties":{"GEOID":"060372071021028","POP100":0,"HU100":0,"AREALAND":2445}},{"type":"Feature","geometry":{"type":"Polygon","coordinates":[[[385305.06728556706,3767405.7874029954],[385365.62175981473,3767359.248648777],[385372.8484396235,3767353.726576483],[385405.49362940737,3767396.2506635897],[385497.9900738866,3767517.013457543],[385430.20813697914,3767568.962486063],[385305.06728556706,3767405.7874029954]]]},"properties":{"GEOID":"060372063031003","POP100":151,"HU100":46,"AREALAND":17586}},{"type":"Feature","geometry":{"type":"Polygon","coordinates":[[[384821.0068991837,3769509.894839712],[384793.2919298153,3769485.27933639],[384851.8993955534,3769424.2316977796],[384875.870659661,3769399.2074227906],[384878.78747655015,3769396.1773722833],[384880.3374854464,3769394.605764424],[384966.2948040319,3769305.3881735764],[385041.828563129,3769390.97421591],[385050.5332530368,3769400.849695039],[385051.7506426093,3769402.2766430643],[385054.0903617365,3769404.9099171385],[385044.8768661296,3769413.894515294],[385004.19959390303,3769454.204956301],[384982.42163403844,3769477.4277229365],[384961.48379911267,3769501.416593979],[384941.3861721811,3769526.171639532],[384922.2183231672,3769551.469980201],[384919.2227043118,3769555.6099751177],[384887.01128558686,3769601.252184369],[384885.40857038216,3769598.499089256],[384876.83702970133,3769584.407705934],[384869.60489162867,3769574.181746058],[384864.2645442315,3769567.703470307],[384863.0457928791,3769566.1656583105],[384847.9614286208,3769540.2868074295],[384821.0068991837,3769509.894839712]]]},"properties":{"GEOID":"060372074001006","POP100":17,"HU100":0,"AREALAND":33472}},{"type":"Feature","geometry":{"type":"Polygon","coordinates":[[[384536.77401030983,3768987.0093558654],[384548.7523148512,3768977.6577339196],[384565.21337885945,3768995.20135638],[384591.27022382146,3769027.4890014203],[384640.32413299935,3769090.9929340747],[384653.0563663283,3769113.1293727574],[384633.08975423063,3769095.7393570174],[384571.2231525704,3769018.639833895],[384554.1201644288,3769001.4368212307],[384536.77401030983,3768987.0093558654]]]},"properties":{"GEOID":"060372074001013","POP100":0,"HU100":0,"AREALAND":1629}},{"type":"Feature","geometry":{"type":"Polygon","coordinates":[[[383693.3553083894,3768111.7785392646],[383619.3678246592,3768018.6419134894],[383707.4092313043,3767948.574017401],[383717.36550990917,3767939.9116821876],[383766.59493272624,3768001.745680028],[383791.7259093992,3768033.3772543096],[383693.3553083894,3768111.7785392646]]]},"properties":{"GEOID":"060372077111008","POP100":728,"HU100":557,"AREALAND":14964}},{"type":"Feature","geometry":{"type":"Polygon","coordinates":[[[384365.01911765937,3767240.575849563],[384389.881396,3767212.5451912666],[384543.5576656524,3767352.0699887276],[384510.60017085774,3767390.0697196927],[384365.01911765937,3767240.575849563]]]},"properties":{"GEOID":"060372260021014","POP100":0,"HU100":0,"AREALAND":9122}},{"type":"Feature","geometry":{"type":"Polygon","coordinates":[[[383787.5207542941,3767263.854673894],[383816.5045186491,3767240.762530843],[383863.60018584406,3767203.917254877],[383898.00448237977,3767253.7345641665],[383928.2702399621,3767297.3921679393],[383932.4001673683,3767302.886667517],[383940.8145480258,3767311.433971902],[383996.5459923503,3767353.7807362615],[383933.8273292205,3767404.014997119],[383836.763050157,3767311.492962143],[383787.5207542941,3767263.854673894]]]},"properties":{"GEOID":"060372079021008","POP100":359,"HU100":247,"AREALAND":16305}},{"type":"Feature","geometry":{"type":"Polygon","coordinates":[[[383470.3582152778,3767831.163061198],[383442.4153147804,3767796.239752343],[383540.2389035128,3767718.2862695027],[383665.8900862007,3767875.6657678206],[383589.5501685118,3767936.384552391],[383567.6993309168,3767953.7334085978],[383470.3582152778,3767831.163061198]]]},"properties":{"GEOID":"060372079012001","POP100":702,"HU100":479,"AREALAND":25218}},{"type":"Feature","geometry":{"type":"Polygon","coordinates":[[[383962.19606462726,3767639.0080961166],[384010.92459332326,3767599.9253315474],[384059.559868799,3767560.733118149],[384186.6064035413,3767719.5438971287],[384087.9496065549,3767797.722532402],[383962.19606462726,3767639.0080961166]]]},"properties":{"GEOID":"060372073031002","POP100":185,"HU100":149,"AREALAND":25456}},{"type":"Feature","geometry":{"type":"Polygon","coordinates":[[[384159.11108732055,3769842.7266485873],[384132.4028029282,3769794.9213191043],[384180.356645012,3769768.8244173545],[384185.0704283874,3769776.8626904734],[384208.35272508446,3769816.2813435644],[384233.8472629809,3769862.9926318456],[384184.60708783375,3769889.5487561687],[384159.11108732055,3769842.7266485873]]]},"properties":{"GEOID":"060372080011004","POP100":191,"HU100":62,"AREALAND":6014}},{"type":"Feature","geometry":{"type":"Polygon","coordinates":[[[383388.51299426623,3767326.22079065],[383445.38154349517,3767280.934831257],[383487.80464001076,3767247.139756264],[383612.2460906064,3767403.2027941872],[383513.1343658103,3767481.83670987],[383455.1844517083,3767409.4645982245],[383388.51299426623,3767326.22079065]]]},"properties":{"GEOID":"060372079021014","POP100":591,"HU100":599,"AREALAND":25291}},{"type":"Feature","geometry":{"type":"Polygon","coordinates":[[[383710.35093787196,3767325.1369418586],[383752.5927809013,3767291.5671462812],[383885.0966887373,3767442.987254404],[383836.27551589324,3767482.071691738],[383710.35093787196,3767325.1369418586]]]},"properties":{"GEOID":"060372079021010","POP100":0,"HU100":0,"AREALAND":11719}},{"type":"Feature","geometry":{"type":"Polygon","coordinates":[[[384582.28365118953,3767657.6953101023],[384689.90575371543,3767564.773148275],[384796.789707403,3767691.2316898727],[384814.62378477596,3767730.3855231893],[384714.7080711918,3767804.1366144544],[384582.28365118953,3767657.6953101023]]]},"properties":{"GEOID":"060372063011005","POP100":73,"HU100":21,"AREALAND":27883}},{"type":"Feature","geometry":{"type":"Polygon","coordinates":[[[385133.99800341664,3769493.54874549],[385093.0170239321,3769448.243613103],[385273.3105659276,3769298.1030325335],[385301.3360154056,3769272.365211859],[385310.26152823155,3769270.03862149],[385317.41391395207,3769273.7225203803],[385392.3255293877,3769361.536939332],[385394.2467745876,3769367.724273921],[385393.6761487884,3769373.9419395444],[385391.2676648181,3769380.847252317],[385370.2748220073,3769400.3996603247],[385283.6417129427,3769472.2096280544],[385265.3734831732,3769488.069300243],[385260.4106651622,3769497.445658213],[385262.48220770556,3769508.400118706],[385265.6942623186,3769514.4608805776],[385270.6685884863,3769528.8181077763],[385244.3072396075,3769547.1052017314],[385236.0698026275,3769552.86149427],[385221.8059950493,3769564.014584532],[385208.1963139312,3769575.825138024],[385197.1550045311,3769563.5380225712],[385143.35534119024,3769503.9709009062],[385133.99800341664,3769493.54874549]]]},"properties":{"GEOID":"060372071012004","POP100":16,"HU100":1,"AREALAND":42347}},{"type":"Feature","geometry":{"type":"Polygon","coordinates":[[[383844.7456917802,3768756.1632686257],[383820.10684479424,3768726.8545139623],[383844.8020360954,3768723.223489619],[383886.35936513485,3768717.056165128],[383909.67283527914,3768713.6641801344],[383921.5572637422,3768704.2019431544],[383971.8339907028,3768663.8797949725],[384089.9568851298,3768811.1534885643],[384093.5187140445,3768815.546059508],[384097.7374845321,3768820.8177413354],[384077.7784857227,3768834.2605345557],[384067.15767661424,3768841.3779747994],[384044.54397399235,3768856.627921807],[384033.3139353858,3768866.7473630104],[384021.3891759106,3768880.424355831],[384012.6825298589,3768893.0637044464],[384010.9642747468,3768895.9683615696],[384004.56109340885,3768908.246671352],[383995.2005557016,3768927.770156023],[383993.94115775655,3768930.4473768463],[383986.47120083816,3768946.065963285],[383984.7625856361,3768949.746884288],[383982.9789440721,3768947.328851374],[383980.7256391642,3768944.251133216],[383972.46316730627,3768932.929380013],[383879.9291169741,3768802.200034442],[383865.1901037647,3768782.1964053134],[383844.7456917802,3768756.1632686257]]]},"properties":{"GEOID":"060372075022009","POP100":8,"HU100":1,"AREALAND":34886}},{"type":"Feature","geometry":{"type":"Polygon","coordinates":[[[385743.06567804475,3768703.7221340006],[385734.90385851066,3768509.8481540307],[385751.2298004944,3768493.458509283],[385763.29145062336,3768483.220241133],[385770.886680859,3768477.6940553645],[385787.01359285635,3768467.739285726],[385795.362046355,3768463.4239445133],[385809.87322168436,3768457.259597768],[385827.804904195,3768451.497514195],[385846.314530874,3768447.7248460674],[385865.12389258365,3768445.8338545677],[385964.1309496978,3768441.9760088264],[386057.3604797498,3768425.9893820393],[386074.0551442001,3768524.2713799095],[386090.749511653,3768622.5533711943],[386094.4240833527,3768644.0245723794],[385950.89507489325,3768668.3816503105],[385964.1925728666,3768745.1890698583],[385959.9548847306,3768745.905632058],[385907.00665889547,3768756.7485279725],[385860.2411703635,3768767.406116381],[385808.67495306314,3768778.0110512697],[385779.147952221,3768786.686051859],[385747.97324016085,3768804.1425832068],[385747.0433280291,3768795.9469355945],[385743.06567804475,3768703.7221340006]]]},"properties":{"GEOID":"060372060521010","POP100":25,"HU100":2,"AREALAND":94798}},{"type":"Feature","geometry":{"type":"Polygon","coordinates":[[[383808.9705220804,3768737.0839850917],[383802.13992457744,3768729.6264704852],[383820.10684479424,3768726.8545139623],[383844.7456917802,3768756.1632686257],[383865.1901037647,3768782.1964053134],[383879.9291169741,3768802.200034442],[383972.46316730627,3768932.929380013],[383980.7256391642,3768944.251133216],[383982.9789440721,3768947.328851374],[383984.7625856361,3768949.746884288],[383983.8614152908,3768951.532451844],[383977.6536885728,3768964.6955560613],[383975.9637743226,3768962.3873132146],[383973.61546470434,3768959.0889782626],[383866.34670468955,3768808.6886876104],[383849.2688270397,3768786.163096773],[383831.54745400796,3768763.8671922097],[383808.9705220804,3768737.0839850917]]]},"properties":{"GEOID":"060372092021006","POP100":0,"HU100":0,"AREALAND":4197}},{"type":"Feature","geometry":{"type":"Polygon","coordinates":[[[385172.80882591475,3769140.397701054],[385147.0656879163,3769118.5297346176],[385230.5576837442,3769031.1192392753],[385324.0095789821,3769147.986762243],[385335.6346413145,3769162.706870358],[385276.2826631895,3769208.4554675953],[385259.44810213894,3769198.013122277],[385218.3386696378,3769172.5610546432],[385198.4258540475,3769159.4945340045],[385172.80882591475,3769140.397701054]]]},"properties":{"GEOID":"060372074001010","POP100":0,"HU100":0,"AREALAND":16119}},{"type":"Feature","geometry":{"type":"Polygon","coordinates":[[[383290.3198420747,3767404.402075349],[383172.9970287607,3767257.0166279105],[383288.43749643344,3767192.262457718],[383295.2112574412,3767187.5207796493],[383304.77496805624,3767221.7833778225],[383388.51299426623,3767326.22079065],[383290.3198420747,3767404.402075349]]]},"properties":{"GEOID":"060372079022002","POP100":151,"HU100":113,"AREALAND":22561}},{"type":"Feature","geometry":{"type":"Polygon","coordinates":[[[384687.9623911862,3768350.7826853995],[384736.6845384059,3768311.260039402],[384785.40844533517,3768271.8485895386],[384911.7886418769,3768430.7874522726],[384813.7827355397,3768509.1725675934],[384687.9623911862,3768350.7826853995]]]},"properties":{"GEOID":"060372073051002","POP100":0,"HU100":0,"AREALAND":25439}},{"type":"Feature","geometry":{"type":"Polygon","coordinates":[[[384366.2217180715,3768349.2825295306],[384463.8565885768,3768270.8972967267],[384590.1473782799,3768429.6113607674],[384525.6903332869,3768480.7504658657],[384492.22686960327,3768507.2224858827],[384366.2217180715,3768349.2825295306]]]},"properties":{"GEOID":"060372075021003","POP100":671,"HU100":1007,"AREALAND":25335}},{"type":"Feature","geometry":{"type":"Polygon","coordinates":[[[383828.1316768987,3768381.17330928],[383877.04708441056,3768342.641952943],[383944.83952191507,3768427.871361962],[383896.0220506452,3768466.844845193],[383828.1316768987,3768381.17330928]]]},"properties":{"GEOID":"060372077122003","POP100":15,"HU100":4,"AREALAND":6808}},{"type":"Feature","geometry":{"type":"Polygon","coordinates":[[[384565.21337885945,3768995.20135638],[384548.7523148512,3768977.6577339196],[384645.84164341766,3768900.389882835],[384752.0656612306,3769034.3972406033],[384653.0563663283,3769113.1293727574],[384640.32413299935,3769090.9929340747],[384591.27022382146,3769027.4890014203],[384565.21337885945,3768995.20135638]]]},"properties":{"GEOID":"060372074001012","POP100":7,"HU100":1,"AREALAND":20975}},{"type":"Feature","geometry":{"type":"Polygon","coordinates":[[[384777.93423267314,3768665.542843589],[384715.7771781735,3768587.4478537682],[384813.7827355397,3768509.1725675934],[384939.4009362285,3768666.457401145],[384840.93586176325,3768744.8479054407],[384777.93423267314,3768665.542843589]]]},"properties":{"GEOID":"060372073051000","POP100":69,"HU100":40,"AREALAND":25286}},{"type":"Feature","geometry":{"type":"Polygon","coordinates":[[[385430.20813697914,3767568.962486063],[385497.9900738866,3767517.013457543],[385565.62466175156,3767605.250441421],[385571.71801798366,3767704.325572087],[385547.9341822906,3767722.4693853534],[385430.20813697914,3767568.962486063]]]},"properties":{"GEOID":"060372062021016","POP100":75,"HU100":1,"AREALAND":14245}},{"type":"Feature","geometry":{"type":"Polygon","coordinates":[[[385725.09517881967,3768279.062847127],[385725.5195776089,3768214.9547178512],[385725.5064589716,3768076.5456108204],[385818.920385628,3768075.526706347],[385820.9038437294,3768262.4882430127],[385725.09517881967,3768279.062847127]]]},"properties":{"GEOID":"060372060521024","POP100":495,"HU100":305,"AREALAND":18410}},{"type":"Feature","geometry":{"type":"Polygon","coordinates":[[[385497.9900738866,3767517.013457543],[385557.26585324714,3767471.6005255454],[385565.62466175156,3767605.250441421],[385497.9900738866,3767517.013457543]]]},"properties":{"GEOID":"060372062021017","POP100":173,"HU100":0,"AREALAND":4153}},{"type":"Feature","geometry":{"type":"Polygon","coordinates":[[[384892.13756297843,3767477.3531928253],[384858.83549580735,3767418.9793226444],[384915.48225624725,3767370.1562081114],[385035.1008272447,3767503.7820450515],[385058.35762126016,3767540.9848834863],[384974.0523242629,3767608.1105849557],[384948.17775066156,3767575.8195974543],[384938.27182232053,3767558.4173020446],[384892.13756297843,3767477.3531928253]]]},"properties":{"GEOID":"060372063022000","POP100":543,"HU100":237,"AREALAND":21430}},{"type":"Feature","geometry":{"type":"Polygon","coordinates":[[[384828.1920392362,3767752.8447816256],[384814.62378477596,3767730.3855231893],[384886.9992079936,3767676.934133776],[385011.6151032279,3767834.565098617],[384939.93644936685,3767892.110542885],[384828.1920392362,3767752.8447816256]]]},"properties":{"GEOID":"060372063011001","POP100":54,"HU100":2,"AREALAND":18755}},{"type":"Feature","geometry":{"type":"Polygon","coordinates":[[[383355.0270471767,3767485.562218255],[383290.3198420747,3767404.402075349],[383388.51299426623,3767326.22079065],[383455.1844517083,3767409.4645982245],[383513.1343658103,3767481.83670987],[383414.3908054119,3767560.245311549],[383355.0270471767,3767485.562218255]]]},"properties":{"GEOID":"060372079022001","POP100":970,"HU100":712,"AREALAND":25075}},{"type":"Feature","geometry":{"type":"Polygon","coordinates":[[[383660.8221489625,3768513.436565665],[383573.81315381324,3768404.712083261],[383710.0178647841,3768355.3443508614],[383719.5258352596,3768347.796500536],[383777.6638531575,3768421.05496001],[383660.8221489625,3768513.436565665]]]},"properties":{"GEOID":"060372077111005","POP100":12,"HU100":1,"AREALAND":17091}},{"type":"Feature","geometry":{"type":"Polygon","coordinates":[[[385115.8712721661,3768003.646629569],[385066.5709343047,3767904.875489835],[385182.5025712746,3767857.439765962],[385227.9654983864,3767838.0333974618],[385269.7742096836,3767935.7872797293],[385115.8712721661,3768003.646629569]]]},"properties":{"GEOID":"060372062011002","POP100":167,"HU100":1,"AREALAND":18521}},{"type":"Feature","geometry":{"type":"Polygon","coordinates":[[[383791.7259093992,3768033.3772543096],[383892.20069774997,3767953.287575917],[383988.8861638675,3768075.648327112],[384017.20906388503,3768111.6774585424],[383917.46114245325,3768190.7587983417],[383791.7259093992,3768033.3772543096]]]},"properties":{"GEOID":"060372077121000","POP100":15,"HU100":0,"AREALAND":25805}},{"type":"Feature","geometry":{"type":"Polygon","coordinates":[[[385114.1528463997,3768234.239278437],[385055.3958024693,3768162.422285337],[385151.2595234768,3768089.6112968097],[385157.6897983145,3768086.9822477344],[385199.98270328314,3768171.421383186],[385114.1528463997,3768234.239278437]]]},"properties":{"GEOID":"060372062012003","POP100":71,"HU100":1,"AREALAND":10955}},{"type":"Feature","geometry":{"type":"Polygon","coordinates":[[[385579.11121470784,3769068.6997001846],[385556.89181171544,3769040.466482716],[385628.8687585943,3768985.1398113654],[385633.62515631726,3768981.5332494625],[385634.7515691789,3768983.0722885774],[385689.35394886095,3769055.608322811],[385739.3606454282,3769122.2114222124],[385702.8612915095,3769149.603179919],[385664.80526055314,3769178.012096964],[385589.4249093725,3769081.8833706966],[385579.11121470784,3769068.6997001846]]]},"properties":{"GEOID":"060372071021017","POP100":16,"HU100":0,"AREALAND":16663}},{"type":"Feature","geometry":{"type":"Polygon","coordinates":[[[385513.34571181145,3769187.0564789567],[385456.1650761044,3769115.107144766],[385556.89181171544,3769040.466482716],[385579.11121470784,3769068.6997001846],[385589.4249093725,3769081.8833706966],[385532.085642582,3769126.274980419],[385591.0522283739,3769284.7090513147],[385513.34571181145,3769187.0564789567]]]},"properties":{"GEOID":"060372071021023","POP100":0,"HU100":0,"AREALAND":11000}},{"type":"Feature","geometry":{"type":"Polygon","coordinates":[[[384437.3394516378,3768035.2149689426],[384476.652446485,3768003.791415875],[384481.863690304,3767999.62418229],[384535.0759758691,3767957.2730303435],[384660.43158663984,3768114.7795605324],[384611.4195455436,3768153.3079133583],[384562.1378155432,3768192.3943257295],[384437.3394516378,3768035.2149689426]]]},"properties":{"GEOID":"060372073042000","POP100":1028,"HU100":801,"AREALAND":25157}},{"type":"Feature","geometry":{"type":"Polygon","coordinates":[[[384070.28763982945,3768585.036444792],[384175.6042502575,3768501.119378133],[384266.7532890466,3768428.5785538265],[384303.49124492134,3768473.488804748],[384328.32604019064,3768503.7944754492],[384234.00132092676,3768588.35140202],[384291.65059963486,3768659.8443226023],[384192.17120965733,3768737.921525414],[384188.3271131103,3768733.08883525],[384070.28763982945,3768585.036444792]]]},"properties":{"GEOID":"060372075022012","POP100":23,"HU100":2,"AREALAND":37423}},{"type":"Feature","geometry":{"type":"Polygon","coordinates":[[[384999.35530221625,3767297.7119279513],[385063.220832749,3767242.591208583],[385181.809761725,3767390.3163016983],[385208.92180523736,3767425.6982299704],[385138.7621095262,3767479.4527193713],[384999.35530221625,3767297.7119279513]]]},"properties":{"GEOID":"060372063031008","POP100":144,"HU100":25,"AREALAND":20090}},{"type":"Feature","geometry":{"type":"Polygon","coordinates":[[[383612.2460906064,3767403.2027941872],[383661.3437774144,3767364.113692403],[383787.45474641013,3767521.156484617],[383737.902765258,3767560.8049908974],[383612.2460906064,3767403.2027941872]]]},"properties":{"GEOID":"060372079021012","POP100":26,"HU100":4,"AREALAND":12722}},{"type":"Feature","geometry":{"type":"Polygon","coordinates":[[[384510.60017085774,3767390.0697196927],[384543.5576656524,3767352.0699887276],[384579.33909776085,3767310.9305450623],[384721.7727450861,3767467.674800752],[384754.4070559037,3767509.087853462],[384689.90575371543,3767564.773148275],[384661.34446748614,3767546.933382664],[384510.60017085774,3767390.0697196927]]]},"properties":{"GEOID":"060372260021001","POP100":70,"HU100":4,"AREALAND":25666}},{"type":"Feature","geometry":{"type":"Polygon","coordinates":[[[384689.90575371543,3767564.773148275],[384754.4070559037,3767509.087853462],[384793.5078334181,3767558.4073196435],[384848.2713528083,3767627.831640173],[384886.9992079936,3767676.934133776],[384814.62378477596,3767730.3855231893],[384796.789707403,3767691.2316898727],[384689.90575371543,3767564.773148275]]]},"properties":{"GEOID":"060372063011004","POP100":50,"HU100":6,"AREALAND":17487}},{"type":"Feature","geometry":{"type":"Polygon","coordinates":[[[383837.51225445565,3769953.703411207],[383833.3560524464,3769945.9911980615],[383852.83097685187,3769735.917358247],[383855.84313959215,3769703.163065564],[383958.73305646103,3769888.552271551],[383837.51225445565,3769953.703411207]]]},"properties":{"GEOID":"060372080021010","POP100":142,"HU100":68,"AREALAND":15184}},{"type":"Feature","geometry":{"type":"Polygon","coordinates":[[[384757.85053480207,3767851.8538823477],[384714.7080711918,3767804.1366144544],[384814.62378477596,3767730.3855231893],[384828.1920392362,3767752.8447816256],[384939.93644936685,3767892.110542885],[384848.4174120919,3767965.425194799],[384757.85053480207,3767851.8538823477]]]},"properties":{"GEOID":"060372063011000","POP100":330,"HU100":90,"AREALAND":24395}},{"type":"Feature","geometry":{"type":"Polygon","coordinates":[[[384436.7148242962,3767833.263881382],[384409.9959291638,3767799.986517344],[384450.3184518901,3767767.996010124],[384490.26014620654,3767818.080261042],[384562.80574786937,3767892.0544161303],[384583.8077601356,3767918.4150961502],[384535.0759758691,3767957.2730303435],[384494.75633765216,3767906.4168492598],[384461.75025909545,3767864.787427794],[384436.7148242962,3767833.263881382]]]},"properties":{"GEOID":"060372073081000","POP100":642,"HU100":466,"AREALAND":11254}},{"type":"Feature","geometry":{"type":"Polygon","coordinates":[[[384324.1590191828,3768902.107436055],[384321.5501984238,3768900.1431074464],[384424.49547627266,3768818.697663147],[384499.22217035014,3768913.0510723772],[384543.57157601643,3768969.1813917286],[384548.7523148512,3768977.6577339196],[384536.77401030983,3768987.0093558654],[384512.71468253667,3768974.6604515333],[384471.81248641567,3768966.3992882827],[384458.4892268128,3768963.900597079],[384429.7143910156,3768958.485739435],[384402.4733180458,3768950.1685777893],[384383.1886640241,3768943.3067502347],[384366.1910403592,3768934.7533886423],[384352.3328690496,3768926.2724472517],[384324.1590191828,3768902.107436055]]]},"properties":{"GEOID":"060372075022001","POP100":113,"HU100":92,"AREALAND":16847}},{"type":"Feature","geometry":{"type":"Polygon","coordinates":[[[384978.04371855356,3768095.046491401],[384985.6077770955,3768086.9692137036],[385115.8712721661,3768003.646629569],[385157.6897983145,3768086.9822477344],[385151.2595234768,3768089.6112968097],[385055.3958024693,3768162.422285337],[385041.2446303796,3768145.071508636],[384978.04371855356,3768095.046491401]]]},"properties":{"GEOID":"060372062011000","POP100":141,"HU100":59,"AREALAND":13933}},{"type":"Feature","geometry":{"type":"Polygon","coordinates":[[[385243.85714046744,3768644.3421168304],[385334.63595866004,3768563.6093378896],[385401.01243820833,3768662.7290205476],[385464.0926230049,3768756.565663353],[385477.49976188305,3768773.5933234473],[385405.2865965479,3768847.555982128],[385358.2969590948,3768786.4631334036],[385243.85714046744,3768644.3421168304]]]},"properties":{"GEOID":"060372074001026","POP100":19,"HU100":2,"AREALAND":28259}},{"type":"Feature","geometry":{"type":"Polygon","coordinates":[[[384813.7827355397,3768509.1725675934],[384911.7886418769,3768430.7874522726],[385037.3191693205,3768588.518276685],[384939.4009362285,3768666.457401145],[384813.7827355397,3768509.1725675934]]]},"properties":{"GEOID":"060372073051001","POP100":143,"HU100":90,"AREALAND":25257}},{"type":"Feature","geometry":{"type":"Polygon","coordinates":[[[385328.81961026567,3767727.23425305],[385289.98308351566,3767676.5785914045],[385360.04978116474,3767622.8262769734],[385400.10493446403,3767675.020121891],[385477.7762912536,3767776.3323622625],[385407.6179318548,3767830.084900785],[385328.81961026567,3767727.23425305]]]},"properties":{"GEOID":"060372062021013","POP100":407,"HU100":42,"AREALAND":17097}},{"type":"Feature","geometry":{"type":"Polygon","coordinates":[[[384710.5394767519,3768075.2400078718],[384760.3748911111,3768036.0366616375],[384837.7195897136,3768132.9116927464],[384885.9075247987,3768193.322071667],[384835.7045968224,3768232.6400472377],[384710.5394767519,3768075.2400078718]]]},"properties":{"GEOID":"060372073062001","POP100":477,"HU100":402,"AREALAND":12800}},{"type":"Feature","geometry":{"type":"Polygon","coordinates":[[[384307.64117061644,3767304.93804576],[384365.01911765937,3767240.575849563],[384510.60017085774,3767390.0697196927],[384462.61779426795,3767445.1110335104],[384307.64117061644,3767304.93804576]]]},"properties":{"GEOID":"060372260021015","POP100":91,"HU100":0,"AREALAND":16610}},{"type":"Feature","geometry":{"type":"Polygon","coordinates":[[[385004.2917580434,3767650.1081436663],[384974.0523242629,3767608.1105849557],[385058.35762126016,3767540.9848834863],[385123.5269630632,3767646.328264948],[385186.05297461455,3767754.587690827],[385085.21263074,3767798.068817567],[385004.2917580434,3767650.1081436663]]]},"properties":{"GEOID":"060372063021000","POP100":832,"HU100":455,"AREALAND":24992}},{"type":"Feature","geometry":{"type":"Polygon","coordinates":[[[385063.220832749,3767242.591208583],[385133.57389722933,3767181.84681172],[385279.08086362755,3767371.833300077],[385208.92180523736,3767425.6982299704],[385181.809761725,3767390.3163016983],[385063.220832749,3767242.591208583]]]},"properties":{"GEOID":"060372063031009","POP100":63,"HU100":0,"AREALAND":21365}},{"type":"Feature","geometry":{"type":"Polygon","coordinates":[[[384284.25885998877,3767642.1550320364],[384325.68796133506,3767602.4979298846],[384493.1404979991,3767728.9880930735],[384495.6680644177,3767731.840663778],[384450.3184518901,3767767.996010124],[384409.9959291638,3767799.986517344],[384284.25885998877,3767642.1550320364]]]},"properties":{"GEOID":"060372073032000","POP100":567,"HU100":509,"AREALAND":17185}},{"type":"Feature","geometry":{"type":"Polygon","coordinates":[[[384087.9496065549,3767797.722532402],[384186.6064035413,3767719.5438971287],[384312.16232654714,3767877.598189655],[384262.240870912,3767917.2485435368],[384213.3243984969,3767955.9996063286],[384087.9496065549,3767797.722532402]]]},"properties":{"GEOID":"060372073031000","POP100":160,"HU100":94,"AREALAND":25456}},{"type":"Feature","geometry":{"type":"Polygon","coordinates":[[[385230.5576837442,3769031.1192392753],[385316.3984094221,3768939.355701021],[385420.9199035785,3769070.8401124943],[385324.0095789821,3769147.986762243],[385230.5576837442,3769031.1192392753]]]},"properties":{"GEOID":"060372074001019","POP100":37,"HU100":0,"AREALAND":19716}},{"type":"Feature","geometry":{"type":"Polygon","coordinates":[[[385547.9341822906,3767722.4693853534],[385571.71801798366,3767704.325572087],[385592.29941259994,3767688.5495489165],[385717.7040133391,3767645.3311931933],[385725.4795746743,3767769.1177703817],[385725.4505876608,3767896.436884107],[385587.75902941945,3767961.5414481987],[385584.9005977182,3767916.105047488],[385575.3812524695,3767762.8389492165],[385547.9341822906,3767722.4693853534]]]},"properties":{"GEOID":"060372062021008","POP100":144,"HU100":0,"AREALAND":38577}},{"type":"Feature","geometry":{"type":"Polygon","coordinates":[[[383520.51838341757,3769240.4913498526],[383469.1981772513,3769143.5273318654],[383527.16608673113,3769113.421964535],[383632.6455124839,3769058.5536078755],[383683.9644215353,3769155.518422717],[383571.7907581584,3769213.906870247],[383520.51838341757,3769240.4913498526]]]},"properties":{"GEOID":"060372092021004","POP100":434,"HU100":173,"AREALAND":20222}},{"type":"Feature","geometry":{"type":"Polygon","coordinates":[[[385755.98571964167,3767650.302462587],[385782.73914714414,3767450.1286258525],[385891.57674331416,3767464.339910848],[385864.81965562445,3767664.402533013],[385755.98571964167,3767650.302462587]]]},"properties":{"GEOID":"060372060512001","POP100":28,"HU100":2,"AREALAND":22169}},{"type":"Feature","geometry":{"type":"Polygon","coordinates":[[[383064.6373830583,3767528.1915023136],[383069.66920879355,3767524.4693008666],[383080.0179924861,3767517.686849564],[383088.9200168301,3767513.36222861],[383094.25207506045,3767511.5217138394],[383105.107732502,3767508.392927809],[383121.3338824153,3767506.528573119],[383137.3119614065,3767506.9962790604],[383149.4874493409,3767506.0693073915],[383161.54998749454,3767503.4801793355],[383166.4192177851,3767501.534557524],[383171.00179863244,3767498.816134041],[383192.4933743783,3767482.247169049],[383316.3790903708,3767637.980620067],[383298.47263172164,3767653.28501201],[383270.08642517874,3767679.698639909],[383238.21999703546,3767708.3735185596],[383224.67887720594,3767718.3006233526],[383218.5394211008,3767722.036446052],[383064.6373830583,3767528.1915023136]]]},"properties":{"GEOID":"060372079011003","POP100":0,"HU100":0,"AREALAND":28740}},{"type":"Feature","geometry":{"type":"Polygon","coordinates":[[[383737.19903617643,3770007.6190279527],[383745.5402348181,3769853.0241075093],[383749.1256531486,3769814.384636508],[383755.3987974557,3769746.6546732094],[383793.43664547487,3769724.8923616405],[383850.36756874446,3769693.248884556],[383855.84313959215,3769703.163065564],[383852.83097685187,3769735.917358247],[383803.2465112531,3769764.4759512832],[383797.65075426723,3769819.7759962417],[383791.3912979874,3769911.1287346506],[383789.99310445413,3769925.009185152],[383786.43877733237,3769981.171403995],[383737.19903617643,3770007.6190279527]]]},"properties":{"GEOID":"060372080021008","POP100":55,"HU100":8,"AREALAND":15033}},{"type":"Feature","geometry":{"type":"Polygon","coordinates":[[[383787.45474641013,3767521.156484617],[383836.27551589324,3767482.071691738],[383962.19606462726,3767639.0080961166],[383913.46929994563,3767678.201985077],[383787.45474641013,3767521.156484617]]]},"properties":{"GEOID":"060372079021003","POP100":420,"HU100":284,"AREALAND":12593}},{"type":"Feature","geometry":{"type":"Polygon","coordinates":[[[383400.9680782303,3767946.252454565],[383337.7630549346,3767866.848036232],[383442.4153147804,3767796.239752343],[383470.3582152778,3767831.163061198],[383567.6993309168,3767953.7334085978],[383518.4233569872,3767993.047166439],[383440.54556076817,3767996.3369866093],[383400.9680782303,3767946.252454565]]]},"properties":{"GEOID":"060372079012000","POP100":1084,"HU100":839,"AREALAND":24548}},{"type":"Feature","geometry":{"type":"Polygon","coordinates":[[[385817.8648694166,3767972.952505411],[385817.2612512574,3767907.7477821982],[385873.95898716216,3767916.4894260005],[385817.8648694166,3767972.952505411]]]},"properties":{"GEOID":"060372060521033","POP100":0,"HU100":0,"AREALAND":1847}},{"type":"Feature","geometry":{"type":"Polygon","coordinates":[[[383600.3120385939,3768562.315434692],[383614.936621743,3768550.4900108064],[383692.8212583704,3768608.0886517675],[383714.9162558436,3768625.6723911352],[383728.25444826134,3768636.8205399816],[383741.40940742765,3768648.081889539],[383768.6817334944,3768673.8090269957],[383772.3209500346,3768676.980504072],[383775.8747874126,3768680.7074851366],[383790.92194375664,3768695.716439403],[383792.6038436684,3768697.3593428973],[383820.10684479424,3768726.8545139623],[383802.13992457744,3768729.6264704852],[383783.42626110563,3768709.2282875776],[383768.65732805483,3768694.326882075],[383763.2357375252,3768688.8483569953],[383737.737635713,3768664.762958084],[383725.88583787135,3768654.372862741],[383699.22312067816,3768633.185445122],[383672.95272679854,3768613.8787169815],[383600.3120385939,3768562.315434692]]]},"properties":{"GEOID":"060372092011000","POP100":0,"HU100":0,"AREALAND":4238}},{"type":"Feature","geometry":{"type":"Polygon","coordinates":[[[385037.3191693205,3768588.518276685],[385086.59791900194,3768549.212546162],[385136.7051060426,3768509.6751368376],[385243.85714046744,3768644.3421168304],[385145.2237419656,3768724.2840198874],[385037.3191693205,3768588.518276685]]]},"properties":{"GEOID":"060372074001024","POP100":26,"HU100":5,"AREALAND":21946}},{"type":"Feature","geometry":{"type":"Polygon","coordinates":[[[385533.3586029286,3769010.47468818],[385519.3887079944,3768992.6774221985],[385597.0357985007,3768932.956550245],[385610.64053447766,3768951.0910236193],[385533.3586029286,3769010.47468818]]]},"properties":{"GEOID":"060372074001022","POP100":0,"HU100":0,"AREALAND":2214}},{"type":"Feature","geometry":{"type":"Polygon","coordinates":[[[385782.73914714414,3767450.1286258525],[385805.1774520761,3767282.3912712554],[385914.2723847967,3767294.8252694155],[385891.57674331416,3767464.339910848],[385782.73914714414,3767450.1286258525]]]},"properties":{"GEOID":"060372060512021","POP100":16,"HU100":1,"AREALAND":18684}},{"type":"Feature","geometry":{"type":"Polygon","coordinates":[[[383996.5459923503,3767353.7807362615],[384017.13765507634,3767331.4577349448],[384029.2355423885,3767316.6696573547],[384075.7471846361,3767254.7681000303],[384239.06316856074,3767381.9701528545],[384200.44762281136,3767425.252966819],[384161.771506086,3767478.629014853],[383996.5459923503,3767353.7807362615]]]},"properties":{"GEOID":"060372079021007","POP100":16,"HU100":1,"AREALAND":25585}},{"type":"Feature","geometry":{"type":"Polygon","coordinates":[[[385234.71828624327,3767459.210777911],[385297.8406843536,3767411.309500058],[385305.06728556706,3767405.7874029954],[385430.20813697914,3767568.962486063],[385360.04978116474,3767622.8262769734],[385234.71828624327,3767459.210777911]]]},"properties":{"GEOID":"060372063031004","POP100":24,"HU100":16,"AREALAND":18205}},{"type":"Feature","geometry":{"type":"Polygon","coordinates":[[[385414.0971135674,3768356.472261505],[385385.902284437,3768322.8774784403],[385464.7968007876,3768259.037192804],[385482.1663105593,3768244.963408238],[385489.023202724,3768239.445895303],[385520.4054914017,3768269.453421901],[385564.0343364152,3768274.0262276484],[385601.68455041794,3768326.138999498],[385597.5752521367,3768329.8486652174],[385542.0440220951,3768379.097932071],[385512.9985191537,3768404.7363946615],[385473.9985779365,3768439.2571323696],[385414.0971135674,3768356.472261505]]]},"properties":{"GEOID":"060372062021001","POP100":15,"HU100":2,"AREALAND":22162}},{"type":"Feature","geometry":{"type":"Polygon","coordinates":[[[383319.51508852164,3768063.7096105493],[383226.7029451551,3767896.945078907],[383337.7630549346,3767866.848036232],[383400.9680782303,3767946.252454565],[383440.54556076817,3767996.3369866093],[383319.51508852164,3768063.7096105493]]]},"properties":{"GEOID":"060372077111016","POP100":35,"HU100":1,"AREALAND":21977}},{"type":"Feature","geometry":{"type":"Polygon","coordinates":[[[385244.5440153388,3768427.4032992227],[385258.81232818693,3768416.4720708327],[385279.5816587284,3768401.1366868815],[385385.902284437,3768322.8774784403],[385376.1110218466,3768406.0642512506],[385355.7324706853,3768544.832038254],[385334.63595866004,3768563.6093378896],[385244.5440153388,3768427.4032992227]]]},"properties":{"GEOID":"060372062012000","POP100":10,"HU100":2,"AREALAND":16599}},{"type":"Feature","geometry":{"type":"Polygon","coordinates":[[[384386.86456944526,3767878.790676171],[384357.42123001325,3767841.665056065],[384409.9959291638,3767799.986517344],[384436.7148242962,3767833.263881382],[384461.75025909545,3767864.787427794],[384494.75633765216,3767906.4168492598],[384535.0759758691,3767957.2730303435],[384481.863690304,3767999.62418229],[384442.4764922815,3767949.53318181],[384410.780194347,3767909.329604485],[384386.86456944526,3767878.790676171]]]},"properties":{"GEOID":"060372073041001","POP100":867,"HU100":700,"AREALAND":13596}},{"type":"Feature","geometry":{"type":"Polygon","coordinates":[[[384660.43158663984,3768114.7795605324],[384710.5394767519,3768075.2400078718],[384835.7045968224,3768232.6400472377],[384785.40844533517,3768271.8485895386],[384660.43158663984,3768114.7795605324]]]},"properties":{"GEOID":"060372073062000","POP100":376,"HU100":348,"AREALAND":12824}},{"type":"Feature","geometry":{"type":"Polygon","coordinates":[[[385303.33779105777,3768054.04799783],[385297.58333353954,3768028.7206046693],[385309.82378205657,3768010.3835173235],[385391.90059985965,3767949.9421146023],[385450.52806988393,3768026.4206854315],[385317.739675703,3768099.676873521],[385303.33779105777,3768054.04799783]]]},"properties":{"GEOID":"060372062021007","POP100":47,"HU100":0,"AREALAND":11805}},{"type":"Feature","geometry":{"type":"Polygon","coordinates":[[[385691.5667870501,3769992.9514851444],[385611.9718256715,3769807.484182085],[385725.1041258243,3769759.3118072175],[385805.2494670109,3769944.6624172437],[385691.5667870501,3769992.9514851444]]]},"properties":{"GEOID":"060372071032011","POP100":125,"HU100":49,"AREALAND":24891}},{"type":"Feature","geometry":{"type":"Polygon","coordinates":[[[384535.0759758691,3767957.2730303435],[384583.8077601356,3767918.4150961502],[384710.5394767519,3768075.2400078718],[384660.43158663984,3768114.7795605324],[384535.0759758691,3767957.2730303435]]]},"properties":{"GEOID":"060372073071000","POP100":400,"HU100":340,"AREALAND":12714}},{"type":"Feature","geometry":{"type":"Polygon","coordinates":[[[383450.05711135425,3768759.47423155],[383400.88160483824,3768679.4526876956],[383461.4783243476,3768645.211046184],[383464.04489188286,3768643.7375532966],[383523.26438913064,3768610.067823567],[383558.49373609596,3768674.6241663895],[383631.5927556524,3768808.3628277937],[383568.1188978208,3768841.308024829],[383528.40142148326,3768861.871852344],[383516.568895992,3768868.0067490847],[383450.05711135425,3768759.47423155]]]},"properties":{"GEOID":"060372092011004","POP100":429,"HU100":342,"AREALAND":30184}},{"type":"Feature","geometry":{"type":"Polygon","coordinates":[[[383761.6548183035,3768867.869819361],[383797.758076651,3768846.1315013026],[383949.7199232122,3769035.242296601],[383903.6971674523,3769136.066973175],[383864.289342391,3769061.6902348753],[383812.97194561485,3768964.724445286],[383761.6548183035,3768867.869819361]]]},"properties":{"GEOID":"060372092021008","POP100":0,"HU100":0,"AREALAND":18406}},{"type":"Feature","geometry":{"type":"Polygon","coordinates":[[[384950.51784501254,3768881.8110000375],[385048.05256423075,3768802.8783835126],[385230.5576837442,3769031.1192392753],[385147.0656879163,3769118.5297346176],[385125.09986675147,3769096.0614776094],[385109.18975523754,3769078.1774535794],[385050.5124034183,3769004.917870532],[384950.51784501254,3768881.8110000375]]]},"properties":{"GEOID":"060372074001017","POP100":19,"HU100":0,"AREALAND":37308}},{"type":"Feature","geometry":{"type":"Polygon","coordinates":[[[384645.84164341766,3768900.389882835],[384743.6627674919,3768822.448667308],[384749.7541959471,3768829.91585341],[384851.7361703786,3768956.7672911626],[384752.0656612306,3769034.3972406033],[384645.84164341766,3768900.389882835]]]},"properties":{"GEOID":"060372074001011","POP100":0,"HU100":0,"AREALAND":21598}},{"type":"Feature","geometry":{"type":"Polygon","coordinates":[[[384812.94155307254,3769136.3527572025],[384752.0656612306,3769034.3972406033],[384851.7361703786,3768956.7672911626],[384950.51784501254,3768881.8110000375],[385050.5124034183,3769004.917870532],[385109.18975523754,3769078.1774535794],[385125.09986675147,3769096.0614776094],[385147.0656879163,3769118.5297346176],[384966.2948040319,3769305.3881735764],[384867.13578058203,3769205.2293947516],[384845.8915353705,3769181.422046624],[384826.3831354267,3769156.1517761545],[384812.94155307254,3769136.3527572025]]]},"properties":{"GEOID":"060372074001008","POP100":0,"HU100":0,"AREALAND":86131}},{"type":"Feature","geometry":{"type":"Polygon","coordinates":[[[383330.0620966205,3768349.4948438853],[383345.408216339,3768343.7600277024],[383352.2925285685,3768340.56962054],[383364.68491586397,3768334.871235202],[383389.1669393582,3768321.371041437],[383412.33888424595,3768306.4453668925],[383455.7484566642,3768278.1830763505],[383594.6199155347,3768190.407336629],[383719.5258352596,3768347.796500536],[383710.0178647841,3768355.3443508614],[383573.81315381324,3768404.712083261],[383510.11993006524,3768427.5678769695],[383488.44610757055,3768436.70775167],[383482.4806608949,3768439.5540266847],[383467.15523603506,3768446.9520434635],[383463.24162466684,3768444.0058699436],[383330.0620966205,3768349.4948438853]]]},"properties":{"GEOID":"060372077111004","POP100":17,"HU100":1,"AREALAND":48982}},{"type":"Feature","geometry":{"type":"Polygon","coordinates":[[[384618.13415719144,3768665.0542713027],[384651.68703106686,3768638.3597394787],[384715.7771781735,3768587.4478537682],[384777.93423267314,3768665.542843589],[384766.6136285773,3768675.884300745],[384729.494733602,3768705.3945815256],[384736.79293728137,3768713.40157102],[384698.48392575333,3768743.7028873335],[384687.78789389256,3768752.262295056],[384679.6319639407,3768742.0477352054],[384618.13415719144,3768665.0542713027]]]},"properties":{"GEOID":"060372075021000","POP100":492,"HU100":389,"AREALAND":13240}},{"type":"Feature","geometry":{"type":"Polygon","coordinates":[[[385565.62466175156,3767605.250441421],[385557.26585324714,3767471.6005255454],[385704.9714315412,3767439.9788089423],[385717.7040133391,3767645.3311931933],[385592.29941259994,3767688.5495489165],[385571.71801798366,3767704.325572087],[385565.62466175156,3767605.250441421]]]},"properties":{"GEOID":"060372063031000","POP100":10,"HU100":12,"AREALAND":32245}},{"type":"Feature","geometry":{"type":"Polygon","coordinates":[[[385138.7621095262,3767479.4527193713],[385208.92180523736,3767425.6982299704],[385234.71828624327,3767459.210777911],[385360.04978116474,3767622.8262769734],[385289.98308351566,3767676.5785914045],[385138.7621095262,3767479.4527193713]]]},"properties":{"GEOID":"060372063031005","POP100":152,"HU100":1,"AREALAND":21968}},{"type":"Feature","geometry":{"type":"Polygon","coordinates":[[[385407.6179318548,3767830.084900785],[385477.7762912536,3767776.3323622625],[385584.9005977182,3767916.105047488],[385587.75902941945,3767961.5414481987],[385529.46992909524,3767989.086746399],[385407.6179318548,3767830.084900785]]]},"properties":{"GEOID":"060372062021009","POP100":152,"HU100":2,"AREALAND":18008}},{"type":"Feature","geometry":{"type":"Polygon","coordinates":[[[384186.6064035413,3767719.5438971287],[384229.30684824026,3767685.7487686523],[384232.4154055014,3767683.2708105296],[384233.7864569642,3767682.144904931],[384244.2105568632,3767673.9210769245],[384284.25885998877,3767642.1550320364],[384409.9959291638,3767799.986517344],[384357.42123001325,3767841.665056065],[384312.16232654714,3767877.598189655],[384186.6064035413,3767719.5438971287]]]},"properties":{"GEOID":"060372073031001","POP100":1005,"HU100":863,"AREALAND":25184}},{"type":"Feature","geometry":{"type":"Polygon","coordinates":[[[384325.68796133506,3767602.4979298846],[384372.3940838575,3767548.9133539763],[384405.715645144,3767510.5759063326],[384456.1304644607,3767548.7759099784],[384582.28365118953,3767657.6953101023],[384495.6680644177,3767731.840663778],[384493.1404979991,3767728.9880930735],[384325.68796133506,3767602.4979298846]]]},"properties":{"GEOID":"060372073032001","POP100":207,"HU100":192,"AREALAND":26172}},{"type":"Feature","geometry":{"type":"Polygon","coordinates":[[[384115.1288529417,3768033.9505675393],[384164.22638204094,3767994.9749077847],[384213.3243984969,3767955.9996063286],[384338.87284793804,3768113.721449826],[384240.95624803455,3768191.7786961677],[384115.1288529417,3768033.9505675393]]]},"properties":{"GEOID":"060372077122013","POP100":13,"HU100":2,"AREALAND":25287}},{"type":"Feature","geometry":{"type":"Polygon","coordinates":[[[383170.99560788844,3768587.913203916],[383175.121713008,3768585.6440660395],[383323.6185835096,3768515.3789813914],[383371.6740006741,3768616.7079517394],[383225.28757036384,3768685.8371677552],[383217.0709808995,3768670.8555083545],[383170.99560788844,3768587.913203916]]]},"properties":{"GEOID":"060372092011007","POP100":30,"HU100":1,"AREALAND":18547}},{"type":"Feature","geometry":{"type":"Polygon","coordinates":[[[383467.46024723473,3768030.274756876],[383440.54556076817,3767996.3369866093],[383518.4233569872,3767993.047166439],[383567.6993309168,3767953.7334085978],[383619.3678246592,3768018.6419134894],[383693.3553083894,3768111.7785392646],[383594.6199155347,3768190.407336629],[383496.24959018175,3768066.518499961],[383467.46024723473,3768030.274756876]]]},"properties":{"GEOID":"060372077111009","POP100":230,"HU100":218,"AREALAND":26933}},{"type":"Feature","geometry":{"type":"Polygon","coordinates":[[[385725.4505876608,3767896.436884107],[385737.47295218764,3767890.5243586767],[385749.66255755257,3767883.168074183],[385761.28494290495,3767874.7096740874],[385774.1647990664,3767863.352489125],[385844.88360212307,3767787.08225895],[385850.00727282185,3767783.249545553],[385915.2393217882,3767871.7397157536],[385873.95898716216,3767916.4894260005],[385817.2612512574,3767907.7477821982],[385725.4505876608,3767896.436884107]]]},"properties":{"GEOID":"060372060521031","POP100":26,"HU100":7,"AREALAND":12131}},{"type":"Feature","geometry":{"type":"Polygon","coordinates":[[[383226.7029451551,3767896.945078907],[383227.9376046881,3767892.2717482196],[383230.4701591842,3767888.0260850326],[383233.1996356089,3767884.7760380283],[383236.13288941525,3767883.0761895557],[383244.3057255517,3767879.5370340124],[383299.8991388716,3767865.8739521555],[383308.4494819598,3767862.9957174887],[383310.8289236855,3767861.3027317342],[383314.55736810155,3767856.7095375075],[383316.3459917485,3767852.0293573425],[383316.7458853566,3767847.0336466],[383314.601433182,3767837.8549944432],[383337.7630549346,3767866.848036232],[383226.7029451551,3767896.945078907]]]},"properties":{"GEOID":"060372077111017","POP100":0,"HU100":0,"AREALAND":1405}},{"type":"Feature","geometry":{"type":"Polygon","coordinates":[[[383836.27551589324,3767482.071691738],[383885.0966887373,3767442.987254404],[384010.92459332326,3767599.9253315474],[383962.19606462726,3767639.0080961166],[383836.27551589324,3767482.071691738]]]},"properties":{"GEOID":"060372079021004","POP100":0,"HU100":0,"AREALAND":12580}},{"type":"Feature","geometry":{"type":"Polygon","coordinates":[[[384886.9992079936,3767676.934133776],[384974.0523242629,3767608.1105849557],[385004.2917580434,3767650.1081436663],[385085.21263074,3767798.068817567],[385024.78191177023,3767824.0906550167],[385011.6151032279,3767834.565098617],[384886.9992079936,3767676.934133776]]]},"properties":{"GEOID":"060372063011002","POP100":860,"HU100":610,"AREALAND":20571}},{"type":"Feature","geometry":{"type":"Polygon","coordinates":[[[383449.62688302045,3768455.3754261485],[383467.15523603506,3768446.9520434635],[383471.43670161284,3768449.782735188],[383565.29453928507,3768514.946734975],[383590.6205427672,3768532.49029152],[383614.936621743,3768550.4900108064],[383600.3120385939,3768562.315434692],[383449.62688302045,3768455.3754261485]]]},"properties":{"GEOID":"060372092011010","POP100":0,"HU100":0,"AREALAND":3282}},{"type":"Feature","geometry":{"type":"Polygon","coordinates":[[[383513.1343658103,3767481.83670987],[383612.2460906064,3767403.2027941872],[383737.902765258,3767560.8049908974],[383639.34416250477,3767639.3198765595],[383513.1343658103,3767481.83670987]]]},"properties":{"GEOID":"060372079021013","POP100":770,"HU100":625,"AREALAND":25478}},{"type":"Feature","geometry":{"type":"Polygon","coordinates":[[[384220.829296971,3769238.087363812],[384228.9645546524,3769231.555110376],[384234.08271104126,3769227.388799919],[384349.9894475095,3769134.360109058],[384457.87657514994,3769268.3439625907],[384357.68598548975,3769348.2028563824],[384333.5339561192,3769365.910931755],[384242.64103841456,3769262.8845955175],[384220.829296971,3769238.087363812]]]},"properties":{"GEOID":"060372075012000","POP100":1072,"HU100":611,"AREALAND":27790}},{"type":"Feature","geometry":{"type":"Polygon","coordinates":[[[383959.07598835893,3769480.968751601],[383971.6118784599,3769464.5115498533],[384012.4009240689,3769411.1081739557],[384015.5862072805,3769407.409123857],[384027.52115300426,3769394.619264814],[384031.8126495789,3769390.7956926436],[384040.57867962087,3769383.035535003],[384155.1081752412,3769290.908421864],[384254.0359845583,3769424.3345572785],[384128.9809154837,3769523.68760896],[384114.6801860033,3769531.737461393],[384017.1365189875,3769586.1703491183],[383959.07598835893,3769480.968751601]]]},"properties":{"GEOID":"060372080011011","POP100":0,"HU100":0,"AREALAND":43424}},{"type":"Feature","geometry":{"type":"Polygon","coordinates":[[[383111.8461389253,3768194.5959194344],[383102.5306373098,3768187.835036606],[383114.7759057743,3768177.7019368415],[383121.8366956313,3768173.843693662],[383172.6318764688,3768145.599572326],[383174.6474711489,3768144.3547201836],[383250.749215128,3768102.0456984187],[383268.99462720077,3768091.8386314707],[383294.85071484407,3768077.433972791],[383335.07573883625,3768127.6209804527],[383357.7683417428,3768156.065368182],[383397.14825809054,3768205.153996924],[383455.7484566642,3768278.1830763505],[383412.33888424595,3768306.4453668925],[383389.1669393582,3768321.371041437],[383364.68491586397,3768334.871235202],[383352.2925285685,3768340.56962054],[383345.408216339,3768343.7600277024],[383330.0620966205,3768349.4948438853],[383111.8461389253,3768194.5959194344]]]},"properties":{"GEOID":"060372077111011","POP100":393,"HU100":1194,"AREALAND":47190}},{"type":"Feature","geometry":{"type":"Polygon","coordinates":[[[383170.4234362234,3767914.8315569456],[383180.07183754735,3767911.1631531552],[383200.9418921531,3767904.139847169],[383226.7029451551,3767896.945078907],[383319.51508852164,3768063.7096105493],[383294.85071484407,3768077.433972791],[383268.99462720077,3768091.8386314707],[383170.4234362234,3767914.8315569456]]]},"properties":{"GEOID":"060372077111014","POP100":35,"HU100":0,"AREALAND":11418}},{"type":"Feature","geometry":{"type":"Polygon","coordinates":[[[384785.40844533517,3768271.8485895386],[384835.7045968224,3768232.6400472377],[384885.9075247987,3768193.322071667],[385011.6273722232,3768351.1612549773],[384960.51935672783,3768391.931375159],[384911.7886418769,3768430.7874522726],[384785.40844533517,3768271.8485895386]]]},"properties":{"GEOID":"060372073061004","POP100":54,"HU100":207,"AREALAND":25841}},{"type":"Feature","geometry":{"type":"Polygon","coordinates":[[[383340.6128905582,3767155.684580514],[383388.30362714257,3767122.2676606616],[383487.80464001076,3767247.139756264],[383445.38154349517,3767280.934831257],[383340.6128905582,3767155.684580514]]]},"properties":{"GEOID":"060372079021032","POP100":416,"HU100":292,"AREALAND":9071}},{"type":"Feature","geometry":{"type":"Polygon","coordinates":[[[385262.7681865165,3767070.1482462925],[385309.0925804896,3767030.1036480395],[385322.3423174061,3767018.741456084],[385380.1215872649,3767085.6921801534],[385435.93314190325,3767150.3381648078],[385489.12157121266,3767211.9109254437],[385473.28442011273,3767223.0824429537],[385414.55597088416,3767268.045656311],[385262.7681865165,3767070.1482462925]]]},"properties":{"GEOID":"060372063031018","POP100":75,"HU100":2,"AREALAND":21660}},{"type":"Feature","geometry":{"type":"Polygon","coordinates":[[[385331.3734220388,3768142.875146994],[385317.739675703,3768099.676873521],[385450.52806988393,3768026.4206854315],[385513.0385917548,3767996.8274254813],[385529.46992909524,3767989.086746399],[385587.75902941945,3767961.5414481987],[385588.3280272114,3767970.4069559285],[385594.7454538595,3768027.6669846857],[385511.60470326105,3768068.9330098373],[385534.05083499453,3768115.6846474684],[385490.0870742292,3768136.8458810193],[385479.63064361253,3768127.213105979],[385467.63059009216,3768119.7061104574],[385461.1329332967,3768116.7905371063],[385447.5131066231,3768112.741281364],[385433.1843064118,3768111.1406241935],[385425.8936210022,3768111.3400169862],[385418.61235277005,3768112.3155910037],[385411.5223904603,3768113.8434128175],[385404.532790878,3768116.0353659135],[385376.87021618383,3768126.3525441303],[385345.8086094077,3768138.0419108146],[385331.3734220388,3768142.875146994]]]},"properties":{"GEOID":"060372062021006","POP100":386,"HU100":300,"AREALAND":21154}},{"type":"Feature","geometry":{"type":"Polygon","coordinates":[[[385372.8484396235,3767353.726576483],[385346.86348106695,3767319.8832094492],[385414.55597088416,3767268.045656311],[385440.91537691647,3767302.3282549377],[385433.3139709874,3767307.4111903883],[385372.8484396235,3767353.726576483]]]},"properties":{"GEOID":"060372063031014","POP100":0,"HU100":0,"AREALAND":3643}},{"type":"Feature","geometry":{"type":"Polygon","coordinates":[[[383192.4933743783,3767482.247169049],[383249.2691286459,3767437.072032547],[383290.3198420747,3767404.402075349],[383355.0270471767,3767485.562218255],[383414.3908054119,3767560.245311549],[383375.25972893334,3767591.338404112],[383316.3790903708,3767637.980620067],[383192.4933743783,3767482.247169049]]]},"properties":{"GEOID":"060372079011002","POP100":175,"HU100":88,"AREALAND":24920}},{"type":"Feature","geometry":{"type":"Polygon","coordinates":[[[384059.559868799,3767560.733118149],[384118.4363318739,3767513.430358388],[384161.771506086,3767478.629014853],[384202.77361219877,3767539.678879119],[384284.25885998877,3767642.1550320364],[384244.2105568632,3767673.9210769245],[384233.7864569642,3767682.144904931],[384232.4154055014,3767683.2708105296],[384229.30684824026,3767685.7487686523],[384186.6064035413,3767719.5438971287],[384059.559868799,3767560.733118149]]]},"properties":{"GEOID":"060372073032005","POP100":70,"HU100":42,"AREALAND":25683}},{"type":"Feature","geometry":{"type":"Polygon","coordinates":[[[385717.7040133391,3767645.3311931933],[385704.9714315412,3767439.9788089423],[385782.73914714414,3767450.1286258525],[385755.98571964167,3767650.302462587],[385717.7040133391,3767645.3311931933]]]},"properties":{"GEOID":"060372060512020","POP100":17,"HU100":2,"AREALAND":11824}},{"type":"Feature","geometry":{"type":"Polygon","coordinates":[[[384793.5078334181,3767558.4073196435],[384754.4070559037,3767509.087853462],[384850.70352276124,3767425.9545455095],[384858.83549580735,3767418.9793226444],[384892.13756297843,3767477.3531928253],[384938.27182232053,3767558.4173020446],[384948.17775066156,3767575.8195974543],[384974.0523242629,3767608.1105849557],[384886.9992079936,3767676.934133776],[384848.2713528083,3767627.831640173],[384793.5078334181,3767558.4073196435]]]},"properties":{"GEOID":"060372063011003","POP100":707,"HU100":490,"AREALAND":26354}},{"type":"Feature","geometry":{"type":"Polygon","coordinates":[[[384202.77361219877,3767539.678879119],[384161.771506086,3767478.629014853],[384325.68796133506,3767602.4979298846],[384284.25885998877,3767642.1550320364],[384202.77361219877,3767539.678879119]]]},"properties":{"GEOID":"060372073032004","POP100":102,"HU100":101,"AREALAND":6205}},{"type":"Feature","geometry":{"type":"Polygon","coordinates":[[[384495.6680644177,3767731.840663778],[384582.28365118953,3767657.6953101023],[384714.7080711918,3767804.1366144544],[384629.96757282235,3767880.5869020433],[384495.6680644177,3767731.840663778]]]},"properties":{"GEOID":"060372073081002","POP100":447,"HU100":318,"AREALAND":22698}},{"type":"Feature","geometry":{"type":"Polygon","coordinates":[[[385704.9714315412,3767439.9788089423],[385694.4178299452,3767269.756815694],[385805.1774520761,3767282.3912712554],[385782.73914714414,3767450.1286258525],[385704.9714315412,3767439.9788089423]]]},"properties":{"GEOID":"060372060512019","POP100":0,"HU100":0,"AREALAND":16004}},{"type":"Feature","geometry":{"type":"Polygon","coordinates":[[[384562.1378155432,3768192.3943257295],[384611.4195455436,3768153.3079133583],[384736.6845384059,3768311.260039402],[384687.9623911862,3768350.7826853995],[384562.1378155432,3768192.3943257295]]]},"properties":{"GEOID":"060372073051005","POP100":209,"HU100":147,"AREALAND":12691}},{"type":"Feature","geometry":{"type":"Polygon","coordinates":[[[384456.1304644607,3767548.7759099784],[384405.715645144,3767510.5759063326],[384462.61779426795,3767445.1110335104],[384510.60017085774,3767390.0697196927],[384661.34446748614,3767546.933382664],[384689.90575371543,3767564.773148275],[384582.28365118953,3767657.6953101023],[384456.1304644607,3767548.7759099784]]]},"properties":{"GEOID":"060372260021000","POP100":738,"HU100":591,"AREALAND":34875}},{"type":"Feature","geometry":{"type":"Polygon","coordinates":[[[384837.7195897136,3768132.9116927464],[384871.72412997915,3768082.478812169],[384928.29104631214,3768148.6652279985],[384885.9075247987,3768193.322071667],[384837.7195897136,3768132.9116927464]]]},"properties":{"GEOID":"060372073061006","POP100":91,"HU100":68,"AREALAND":4910}},{"type":"Feature","geometry":{"type":"Polygon","coordinates":[[[385679.81830204383,3768855.096640065],[385640.1301693736,3768794.579506062],[385705.8919820727,3768736.556247905],[385723.4281206028,3768721.0391204976],[385743.06567804475,3768703.7221340006],[385747.0433280291,3768795.9469355945],[385747.97324016085,3768804.1425832068],[385679.81830204383,3768855.096640065]]]},"properties":{"GEOID":"060372074001029","POP100":621,"HU100":0,"AREALAND":8442}},{"type":"Feature","geometry":{"type":"Polygon","coordinates":[[[383570.5522881683,3769338.0259589492],[383520.51838341757,3769240.4913498526],[383571.7907581584,3769213.906870247],[383683.9644215353,3769155.518422717],[383735.2809523759,3769252.3726448864],[383570.5522881683,3769338.0259589492]]]},"properties":{"GEOID":"060372092021003","POP100":0,"HU100":0,"AREALAND":20275}},{"type":"Feature","geometry":{"type":"Polygon","coordinates":[[[384653.0563663283,3769113.1293727574],[384752.0656612306,3769034.3972406033],[384812.94155307254,3769136.3527572025],[384826.3831354267,3769156.1517761545],[384845.8915353705,3769181.422046624],[384867.13578058203,3769205.2293947516],[384966.2948040319,3769305.3881735764],[384880.3374854464,3769394.605764424],[384878.78747655015,3769396.1773722833],[384653.0563663283,3769113.1293727574]]]},"properties":{"GEOID":"060372074001007","POP100":22,"HU100":0,"AREALAND":41018}},{"type":"Feature","geometry":{"type":"Polygon","coordinates":[[[383720.51828287874,3769620.0968930856],[383655.9265945073,3769502.0015968084],[383731.651268283,3769459.811568145],[383733.8763749417,3769468.1020891774],[383737.68278533476,3769477.3712574206],[383743.5264099491,3769487.1699814643],[383750.83446871553,3769495.9524532873],[383758.3933124365,3769502.6246489016],[383767.88624242693,3769508.9402388614],[383778.2815991829,3769513.5812619706],[383789.30247531156,3769516.55088526],[383798.08520481415,3769517.6627512393],[383809.43703529175,3769517.5230159806],[383820.6747540786,3769515.610226027],[383831.42909996514,3769511.9288420025],[383841.5170597967,3769506.5921255434],[383849.65864897834,3769500.613948528],[383856.8637685253,3769493.538239167],[383863.0413413516,3769485.4769615703],[383868.1032689094,3769476.764069891],[383872.2177289075,3769466.066485892],[383874.5731716511,3769454.9468894047],[383971.6118784599,3769464.5115498533],[383959.07598835893,3769480.968751601],[383888.39975623664,3769573.446179752],[383848.5185882588,3769625.508089359],[383775.5728999137,3769720.897869715],[383742.20494585077,3769739.6082713665],[383747.3761322488,3769672.335553621],[383747.2550957672,3769670.0080391834],[383746.2954011137,3769667.0253639603],[383720.51828287874,3769620.0968930856]]]},"properties":{"GEOID":"060372080011012","POP100":1131,"HU100":458,"AREALAND":37600}},{"type":"Feature","geometry":{"type":"Polygon","coordinates":[[[385334.63595866004,3768563.6093378896],[385355.7324706853,3768544.832038254],[385473.9985779365,3768439.2571323696],[385528.90629162174,3768513.7849619775],[385538.31428981526,3768535.9627627544],[385543.73132140597,3768548.762087254],[385567.3017545603,3768604.5943392096],[385583.6327239882,3768664.8396689855],[385477.49976188305,3768773.5933234473],[385464.0926230049,3768756.565663353],[385401.01243820833,3768662.7290205476],[385334.63595866004,3768563.6093378896]]]},"properties":{"GEOID":"060372074001031","POP100":14,"HU100":2,"AREALAND":44193}},{"type":"Feature","geometry":{"type":"Polygon","coordinates":[[[385755.16671339737,3768864.6097067893],[385753.00976926123,3768846.558296654],[385771.43138646934,3768835.577569967],[385777.9442737355,3768832.17165466],[385780.5111260007,3768830.698832239],[385783.63049208815,3768829.108471957],[385794.366274659,3768823.7660456337],[385808.5972744354,3768817.3832510137],[385823.0223250871,3768811.774441693],[385837.7349631233,3768807.049426189],[385841.2341982965,3768806.3417403507],[385862.9641780629,3768801.753712265],[385878.07018430793,3768799.020297779],[385898.44252419757,3768796.6669310126],[385919.0169354633,3768795.7528585047],[385924.0959335131,3768795.913285255],[385933.4166969907,3768795.6898218193],[385997.4098480559,3768797.467674186],[386016.0473527063,3768796.6881376156],[386031.8141798922,3768795.1669739396],[386047.31754929875,3768794.7580601485],[386065.0253043313,3768793.435319601],[386133.6199560772,3768786.397155914],[386183.7229833483,3768784.5730779013],[386202.79118502134,3768781.2379828636],[386210.62451084674,3768780.1453861967],[386236.98431152,3768776.722404785],[386253.5832312986,3768775.302523306],[386266.7643945658,3768773.701964263],[386284.82413518656,3768770.933621175],[386311.44213376986,3768765.9551064223],[386351.88356826873,3768759.0357624674],[386354.27217426,3768773.4246019227],[386301.3906476866,3768782.1572888573],[386215.0586383404,3768795.729497701],[386187.6073930638,3768800.496609774],[386181.7163387676,3768801.8984571067],[386139.6071847468,3768808.28410414],[386067.2672938383,3768818.583677518],[386062.4745241935,3768819.1960330675],[386052.52245445864,3768820.6469665435],[386036.20582960977,3768822.5074584605],[386020.6169173469,3768823.4719446334],[385941.91515532986,3768819.0989340614],[385930.37531169225,3768819.0165525656],[385915.5047168549,3768818.3089717883],[385894.6508306308,3768819.004637912],[385879.1609008228,3768820.522682964],[385853.5504558204,3768824.8248499027],[385838.36294169544,3768828.446533664],[385823.36938732374,3768832.8422075924],[385808.66216035443,3768838.010752737],[385794.33480499807,3768844.0620546876],[385780.29109989584,3768850.6643809555],[385766.7170360566,3768857.92658087],[385755.16671339737,3768864.6097067893]]]},"properties":{"GEOID":"060372060201020","POP100":0,"HU100":0,"AREALAND":12314}},{"type":"Feature","geometry":{"type":"Polygon","coordinates":[[[385199.98270328314,3768171.421383186],[385157.6897983145,3768086.9822477344],[385297.58333353954,3768028.7206046693],[385303.33779105777,3768054.04799783],[385317.739675703,3768099.676873521],[385265.22892980266,3768131.5899046073],[385210.42852331285,3768164.972844422],[385199.98270328314,3768171.421383186]]]},"properties":{"GEOID":"060372062012004","POP100":112,"HU100":1,"AREALAND":11987}},{"type":"Feature","geometry":{"type":"Polygon","coordinates":[[[385433.7621833119,3769086.987254087],[385420.9199035785,3769070.8401124943],[385502.8405012791,3769005.8539804146],[385519.3887079944,3768992.6774221985],[385533.3586029286,3769010.47468818],[385449.5838619768,3769074.817570453],[385433.7621833119,3769086.987254087]]]},"properties":{"GEOID":"060372074001021","POP100":0,"HU100":0,"AREALAND":2716}},{"type":"Feature","geometry":{"type":"Polygon","coordinates":[[[383949.7199232122,3769035.242296601],[383957.9873169399,3769009.410539191],[383966.58466725383,3768987.9000313347],[383968.65301580355,3768983.438392469],[383977.6536885728,3768964.6955560613],[383982.72631828603,3768971.842120485],[383998.3986669394,3768992.7216126975],[384038.93133316876,3769046.01303587],[384072.21511897154,3769087.8593703476],[384079.8977146478,3769097.0811105925],[384066.5532761394,3769107.8919241577],[384058.23481856554,3769114.537504622],[384048.36219823104,3769122.422211511],[384033.5548246221,3769134.3600310157],[384029.96618565184,3769135.2914251247],[383949.7199232122,3769035.242296601]]]},"properties":{"GEOID":"060372092021000","POP100":0,"HU100":0,"AREALAND":9500}},{"type":"Feature","geometry":{"type":"Polygon","coordinates":[[[383765.6340110032,3767796.1382788527],[383863.461581339,3767718.2990973527],[383989.2035886557,3767876.014263794],[383892.20069774997,3767953.287575917],[383765.6340110032,3767796.1382788527]]]},"properties":{"GEOID":"060372077121002","POP100":625,"HU100":498,"AREALAND":25132}},{"type":"Feature","geometry":{"type":"Polygon","coordinates":[[[385544.7606444474,3769341.831797591],[385594.61711768695,3769289.4347663955],[385608.88218052743,3769308.7811924336],[385694.1328237531,3769511.2594044833],[385629.9492758103,3769539.09768983],[385544.7606444474,3769341.831797591]]]},"properties":{"GEOID":"060372071021009","POP100":382,"HU100":298,"AREALAND":16281}},{"type":"Feature","geometry":{"type":"Polygon","coordinates":[[[385751.6676344763,3768834.8185944925],[385747.97324016085,3768804.1425832068],[385779.147952221,3768786.686051859],[385808.67495306314,3768778.0110512697],[385860.2411703635,3768767.406116381],[385907.00665889547,3768756.7485279725],[385959.9548847306,3768745.905632058],[385964.1925728666,3768745.1890698583],[385968.1534142219,3768744.4757704833],[386070.3154974304,3768726.939474696],[386107.4408252365,3768720.61367773],[386197.536350753,3768705.220608875],[386210.8942361151,3768702.952452042],[386348.80100313405,3768679.332390426],[386343.3319100039,3768708.1225173557],[386348.1012345384,3768736.2348767673],[386351.88356826873,3768759.0357624674],[386311.44213376986,3768765.9551064223],[386284.82413518656,3768770.933621175],[386266.7643945658,3768773.701964263],[386253.5832312986,3768775.302523306],[386236.98431152,3768776.722404785],[386210.62451084674,3768780.1453861967],[386202.79118502134,3768781.2379828636],[386183.7229833483,3768784.5730779013],[386133.6199560772,3768786.397155914],[386065.0253043313,3768793.435319601],[386047.31754929875,3768794.7580601485],[386031.8141798922,3768795.1669739396],[386016.0473527063,3768796.6881376156],[385997.4098480559,3768797.467674186],[385933.4166969907,3768795.6898218193],[385924.0959335131,3768795.913285255],[385919.0169354633,3768795.7528585047],[385898.44252419757,3768796.6669310126],[385878.07018430793,3768799.020297779],[385862.9641780629,3768801.753712265],[385841.2341982965,3768806.3417403507],[385837.7349631233,3768807.049426189],[385823.0223250871,3768811.774441693],[385808.5972744354,3768817.3832510137],[385794.366274659,3768823.7660456337],[385783.63049208815,3768829.108471957],[385780.5111260007,3768830.698832239],[385777.9442737355,3768832.17165466],[385771.43138646934,3768835.577569967],[385753.00976926123,3768846.558296654],[385752.07575481286,3768838.029923845],[385751.6676344763,3768834.8185944925]]]},"properties":{"GEOID":"060372060521003","POP100":9,"HU100":0,"AREALAND":35977}},{"type":"Feature","geometry":{"type":"Polygon","coordinates":[[[384905.27697246464,3768032.827939215],[384940.05721168936,3767985.3803637107],[384952.9862999846,3767970.583395884],[384967.1289541176,3767956.8806264345],[384979.2855002056,3767946.8620913355],[384992.099071166,3767937.722733264],[385008.96187053865,3767927.53588097],[385026.1246918187,3767919.2308565197],[385040.73260500963,3767913.3969090004],[385066.5709343047,3767904.875489835],[385115.8712721661,3768003.646629569],[384985.6077770955,3768086.9692137036],[384978.04371855356,3768095.046491401],[384905.27697246464,3768032.827939215]]]},"properties":{"GEOID":"060372062011001","POP100":114,"HU100":14,"AREALAND":21335}},{"type":"Feature","geometry":{"type":"Polygon","coordinates":[[[385282.5135126149,3769212.2614161707],[385276.2826631895,3769208.4554675953],[385335.6346413145,3769162.706870358],[385344.63490083587,3769174.1317520435],[385289.58175957314,3769216.611774133],[385282.5135126149,3769212.2614161707]]]},"properties":{"GEOID":"060372071021026","POP100":0,"HU100":0,"AREALAND":1052}},{"type":"Feature","geometry":{"type":"Polygon","coordinates":[[[385542.35883375467,3769021.8996885126],[385533.3586029286,3769010.47468818],[385610.64053447766,3768951.0910236193],[385619.4587662509,3768962.7401605938],[385542.35883375467,3769021.8996885126]]]},"properties":{"GEOID":"060372071021030","POP100":0,"HU100":0,"AREALAND":1419}},{"type":"Feature","geometry":{"type":"Polygon","coordinates":[[[385011.6273722232,3768351.1612549773],[385018.85450094996,3768345.749796879],[385036.468853463,3768291.1917420155],[385053.39507415344,3768278.675298732],[385114.1528463997,3768234.239278437],[385138.42221803823,3768263.7775116465],[385158.46042160335,3768294.587295807],[385199.0073126898,3768356.977471914],[385244.5440153388,3768427.4032992227],[385136.7051060426,3768509.6751368376],[385011.6273722232,3768351.1612549773]]]},"properties":{"GEOID":"060372073061002","POP100":410,"HU100":255,"AREALAND":33139}},{"type":"Feature","geometry":{"type":"Polygon","coordinates":[[[384749.7541959471,3768829.91585341],[384743.6627674919,3768822.448667308],[384775.84309819015,3768796.7694614227],[384840.93586176325,3768744.8479054407],[384950.51784501254,3768881.8110000375],[384851.7361703786,3768956.7672911626],[384749.7541959471,3768829.91585341]]]},"properties":{"GEOID":"060372074001015","POP100":6,"HU100":3,"AREALAND":21603}},{"type":"Feature","geometry":{"type":"Polygon","coordinates":[[[384372.12264977733,3769147.730381598],[384349.9894475095,3769134.360109058],[384536.77401030983,3768987.0093558654],[384554.1201644288,3769001.4368212307],[384571.2231525704,3769018.639833895],[384633.08975423063,3769095.7393570174],[384653.0563663283,3769113.1293727574],[384487.4051734186,3769244.9142414057],[384468.5717999912,3769259.784231804],[384457.59156634705,3769245.057302716],[384395.63492313947,3769168.181845084],[384372.12264977733,3769147.730381598]]]},"properties":{"GEOID":"060372075011001","POP100":769,"HU100":528,"AREALAND":39806}},{"type":"Feature","geometry":{"type":"Polygon","coordinates":[[[385344.63490083587,3769174.1317520435],[385335.6346413145,3769162.706870358],[385433.7621833119,3769086.987254087],[385442.9483734785,3769098.5208306224],[385344.63490083587,3769174.1317520435]]]},"properties":{"GEOID":"060372071021027","POP100":0,"HU100":0,"AREALAND":1816}},{"type":"Feature","geometry":{"type":"Polygon","coordinates":[[[385058.86342043534,3769410.2860904736],[385054.0903617365,3769404.9099171385],[385078.71892474085,3769380.765334147],[385107.0029772738,3769353.5820285934],[385135.6603467091,3769326.726908882],[385155.10965433466,3769309.2998844534],[385193.28620378906,3769275.7857577433],[385249.401674515,3769229.632363591],[385276.2826631895,3769208.4554675953],[385282.5135126149,3769212.2614161707],[385289.58175957314,3769216.611774133],[385261.87684166443,3769238.353126253],[385202.83632192755,3769286.8710536896],[385163.29022598814,3769321.6217656867],[385117.00784223806,3769364.107122287],[385089.09163365,3769391.1751243514],[385064.00962824124,3769415.9905118938],[385058.86342043534,3769410.2860904736]]]},"properties":{"GEOID":"060372071012007","POP100":0,"HU100":0,"AREALAND":4389}},{"type":"Feature","geometry":{"type":"Polygon","coordinates":[[[385619.4587662509,3768962.7401605938],[385610.64053447766,3768951.0910236193],[385695.7884107278,3768885.6240121275],[385721.87162670965,3768867.0089245],[385740.55122601066,3768854.4724136963],[385753.00976926123,3768846.558296654],[385755.16671339737,3768864.6097067893],[385727.03547039453,3768881.8076456934],[385718.061510414,3768887.794249783],[385700.49088346853,3768900.4282771186],[385619.4587662509,3768962.7401605938]]]},"properties":{"GEOID":"060372071021029","POP100":0,"HU100":0,"AREALAND":2569}},{"type":"Feature","geometry":{"type":"Polygon","coordinates":[[[383371.6740006741,3768616.7079517394],[383323.6185835096,3768515.3789813914],[383436.1378855829,3768461.974465294],[383449.62688302045,3768455.3754261485],[383600.3120385939,3768562.315434692],[383592.08559372154,3768568.960250806],[383584.13344623335,3768575.3799705086],[383571.94223637565,3768582.406419578],[383514.02586044103,3768549.6271703034],[383371.6740006741,3768616.7079517394]]]},"properties":{"GEOID":"060372092011008","POP100":280,"HU100":137,"AREALAND":21421}},{"type":"Feature","geometry":{"type":"Polygon","coordinates":[[[384960.51935672783,3768391.931375159],[385011.6273722232,3768351.1612549773],[385136.7051060426,3768509.6751368376],[385086.59791900194,3768549.212546162],[384960.51935672783,3768391.931375159]]]},"properties":{"GEOID":"060372073061001","POP100":186,"HU100":135,"AREALAND":13039}},{"type":"Feature","geometry":{"type":"Polygon","coordinates":[[[385186.05297461455,3767754.587690827],[385191.0119614855,3767752.420186628],[385289.98308351566,3767676.5785914045],[385328.81961026567,3767727.23425305],[385407.6179318548,3767830.084900785],[385339.9310082946,3767882.0335923596],[385269.7742096836,3767935.7872797293],[385227.9654983864,3767838.0333974618],[385186.05297461455,3767754.587690827]]]},"properties":{"GEOID":"060372062021012","POP100":716,"HU100":211,"AREALAND":29112}},{"type":"Feature","geometry":{"type":"Polygon","coordinates":[[[384648.9914957682,3767230.893458201],[384675.76078806416,3767200.178558843],[384722.4733529399,3767154.3591868505],[384799.6030069422,3767240.589704079],[384915.48225624725,3767370.1562081114],[384858.83549580735,3767418.9793226444],[384850.70352276124,3767425.9545455095],[384648.9914957682,3767230.893458201]]]},"properties":{"GEOID":"060372260021003","POP100":7,"HU100":1,"AREALAND":27379}},{"type":"Feature","geometry":{"type":"Polygon","coordinates":[[[384799.6030069422,3767240.589704079],[384876.8987190869,3767173.880730654],[384992.7762931831,3767303.337314864],[384915.48225624725,3767370.1562081114],[384799.6030069422,3767240.589704079]]]},"properties":{"GEOID":"060372260021004","POP100":75,"HU100":27,"AREALAND":17755}},{"type":"Feature","geometry":{"type":"Polygon","coordinates":[[[383399.26829318894,3769423.319680078],[383412.1111287959,3769416.8393503902],[383570.5522881683,3769338.0259589492],[383582.85805284866,3769362.828046246],[383537.4563132715,3769386.3456532694],[383561.4484525424,3769430.633938769],[383558.4219956588,3769432.2239807],[383571.07498597784,3769455.247281023],[383558.66620677104,3769459.5038010525],[383543.55614437774,3769431.8527895357],[383541.3561537467,3769433.099929167],[383530.5899633317,3769413.3805397144],[383466.10266777396,3769446.117347684],[383457.5028211523,3769429.920303615],[383422.5531311429,3769447.653200154],[383416.2794287584,3769455.3832092187],[383399.26829318894,3769423.319680078]]]},"properties":{"GEOID":"060372083023009","POP100":317,"HU100":75,"AREALAND":8433}},{"type":"Feature","geometry":{"type":"Polygon","coordinates":[[[383341.9554831173,3769498.7785371277],[383314.50009798753,3769465.6242142757],[383399.26829318894,3769423.319680078],[383416.2794287584,3769455.3832092187],[383410.0044507562,3769463.0023837923],[383355.0641247989,3769491.4076066953],[383341.9554831173,3769498.7785371277]]]},"properties":{"GEOID":"060372083023010","POP100":0,"HU100":0,"AREALAND":3679}},{"type":"Feature","geometry":{"type":"Polygon","coordinates":[[[383218.5394211008,3767722.036446052],[383224.67887720594,3767718.3006233526],[383238.21999703546,3767708.3735185596],[383270.08642517874,3767679.698639909],[383298.47263172164,3767653.28501201],[383316.3790903708,3767637.980620067],[383442.4153147804,3767796.239752343],[383337.7630549346,3767866.848036232],[383314.601433182,3767837.8549944432],[383279.25867340463,3767794.3729017293],[383252.57941466675,3767764.6471642246],[383218.5394211008,3767722.036446052]]]},"properties":{"GEOID":"060372079011000","POP100":58,"HU100":0,"AREALAND":24661}},{"type":"Feature","geometry":{"type":"Polygon","coordinates":[[[383156.38035167445,3769107.689395189],[383134.3580534442,3769066.150339637],[383193.61077274673,3769035.4723959113],[383225.1797056053,3769095.082048764],[383399.26829318894,3769423.319680078],[383314.50009798753,3769465.6242142757],[383178.8995336703,3769211.773369965],[383173.11998897267,3769199.756182403],[383168.1381660399,3769185.067258179],[383164.99537353637,3769169.8011274626],[383163.81683326274,3769156.617849618],[383164.0038445835,3769134.4343016394],[383162.4904101541,3769124.027842071],[383159.32118755975,3769114.085522362],[383156.38035167445,3769107.689395189]]]},"properties":{"GEOID":"060372091031000","POP100":1264,"HU100":428,"AREALAND":39111}},{"type":"Feature","geometry":{"type":"Polygon","coordinates":[[[384900.0569833978,3769626.490457788],[384898.73109748267,3769623.733992518],[384916.84569436044,3769595.3431166294],[384956.13294754585,3769539.5224085827],[384976.1180386364,3769513.1051858678],[384996.9419911858,3769487.3432153994],[385018.79205898504,3769462.4560052697],[385041.3886344565,3769438.22527868],[385064.00962824124,3769415.9905118938],[385068.1272128938,3769420.5983965965],[385079.0752280255,3769432.7756026513],[385093.0170239321,3769448.243613103],[385133.99800341664,3769493.54874549],[385143.35534119024,3769503.9709009062],[385197.1550045311,3769563.5380225712],[385208.1963139312,3769575.825138024],[385140.9266527459,3769645.7375037805],[384988.4352192014,3769804.3036637907],[384935.256631691,3769697.262626051],[384913.11478205107,3769652.7267192006],[384912.26387405116,3769651.0735024735],[384900.0569833978,3769626.490457788]]]},"properties":{"GEOID":"060372071012003","POP100":876,"HU100":568,"AREALAND":59738}},{"type":"Feature","geometry":{"type":"Polygon","coordinates":[[[385041.828563129,3769390.97421591],[384966.2948040319,3769305.3881735764],[385147.0656879163,3769118.5297346176],[385172.80882591475,3769140.397701054],[385198.4258540475,3769159.4945340045],[385218.3386696378,3769172.5610546432],[385259.44810213894,3769198.013122277],[385276.2826631895,3769208.4554675953],[385249.401674515,3769229.632363591],[385193.28620378906,3769275.7857577433],[385155.10965433466,3769309.2998844534],[385135.6603467091,3769326.726908882],[385107.0029772738,3769353.5820285934],[385078.71892474085,3769380.765334147],[385054.0903617365,3769404.9099171385],[385051.7506426093,3769402.2766430643],[385050.5332530368,3769400.849695039],[385041.828563129,3769390.97421591]]]},"properties":{"GEOID":"060372074001009","POP100":4,"HU100":0,"AREALAND":38593}},{"type":"Feature","geometry":{"type":"Polygon","coordinates":[[[383540.2389035128,3767718.2862695027],[383639.34416250477,3767639.3198765595],[383765.6340110032,3767796.1382788527],[383665.8900862007,3767875.6657678206],[383540.2389035128,3767718.2862695027]]]},"properties":{"GEOID":"060372079021000","POP100":243,"HU100":217,"AREALAND":25614}},{"type":"Feature","geometry":{"type":"Polygon","coordinates":[[[384338.87284793804,3768113.721449826],[384387.05463707517,3768075.3127529826],[384483.80020212726,3768195.681250844],[384493.6819663756,3768211.0871811234],[384511.30498448346,3768232.941777483],[384463.8565885768,3768270.8972967267],[384338.87284793804,3768113.721449826]]]},"properties":{"GEOID":"060372073051007","POP100":13,"HU100":0,"AREALAND":12409}},{"type":"Feature","geometry":{"type":"Polygon","coordinates":[[[383845.74044798047,3768506.8347656275],[383896.0220506452,3768466.844845193],[383944.83952191507,3768427.871361962],[384070.28763982945,3768585.036444792],[383971.8339907028,3768663.8797949725],[383845.74044798047,3768506.8347656275]]]},"properties":{"GEOID":"060372077122000","POP100":5,"HU100":0,"AREALAND":25450}},{"type":"Feature","geometry":{"type":"Polygon","coordinates":[[[383752.5927809013,3767291.5671462812],[383787.5207542941,3767263.854673894],[383836.763050157,3767311.492962143],[383933.8273292205,3767404.014997119],[383885.0966887373,3767442.987254404],[383752.5927809013,3767291.5671462812]]]},"properties":{"GEOID":"060372079021009","POP100":28,"HU100":1,"AREALAND":10717}},{"type":"Feature","geometry":{"type":"Polygon","coordinates":[[[383297.9150467393,3769057.3618892166],[383396.4259053848,3769006.347859598],[383417.78604876535,3769046.6756964833],[383469.1981772513,3769143.5273318654],[383520.51838341757,3769240.4913498526],[383473.0057002708,3769265.0334154502],[383468.40330623026,3769266.0883797356],[383465.53809430473,3769265.7910303418],[383456.3613295211,3769262.6880691485],[383447.17086748494,3769258.476196616],[383436.9404472966,3769252.280861067],[383426.40442454035,3769243.7602747474],[383418.17437719705,3769235.1002806155],[383414.6138253318,3769230.8189024827],[383297.9150467393,3769057.3618892166]]]},"properties":{"GEOID":"060372091032001","POP100":438,"HU100":128,"AREALAND":25218}},{"type":"Feature","geometry":{"type":"Polygon","coordinates":[[[385702.8612915095,3769149.603179919],[385739.3606454282,3769122.2114222124],[385800.85678617255,3769116.143924948],[385833.3872161663,3769287.2095869426],[385808.8522926436,3769296.3787288424],[385702.8612915095,3769149.603179919]]]},"properties":{"GEOID":"060372071021018","POP100":0,"HU100":0,"AREALAND":11950}},{"type":"Feature","geometry":{"type":"Polygon","coordinates":[[[384541.85927512683,3769312.233242635],[384487.4051734186,3769244.9142414057],[384653.0563663283,3769113.1293727574],[384878.78747655015,3769396.1773722833],[384875.870659661,3769399.2074227906],[384851.8993955534,3769424.2316977796],[384793.2919298153,3769485.27933639],[384778.70805641456,3769500.4295911253],[384761.688781288,3769489.9903754005],[384770.87509843573,3769471.246171867],[384773.91964282945,3769463.5564653254],[384756.37927265663,3769448.2438699966],[384750.1524100828,3769444.77093781],[384702.42886442476,3769414.4110303465],[384604.7983215224,3769356.3804060747],[384555.10858294606,3769323.827214605],[384541.85927512683,3769312.233242635]],[[384669.02801275055,3769203.9876162084],[384602.64866279444,3769256.0371205523],[384702.8518483537,3769381.023333671],[384768.7557232037,3769327.87118784],[384669.02801275055,3769203.9876162084]]]},"properties":{"GEOID":"060372074001004","POP100":0,"HU100":0,"AREALAND":52044}},{"type":"Feature","geometry":{"type":"Polygon","coordinates":[[[385362.44684175064,3769196.650987264],[385356.072567779,3769188.6323336554],[385421.7596815069,3769140.034678801],[385456.1650761044,3769115.107144766],[385513.34571181145,3769187.0564789567],[385591.0522283739,3769284.7090513147],[385594.61711768695,3769289.4347663955],[385544.7606444474,3769341.831797591],[385530.38313004805,3769320.823251278],[385520.4602171517,3769309.4094106434],[385509.62645088974,3769299.004833956],[385497.9728449784,3769289.4974092436],[385485.31476413674,3769280.889464502],[385435.13592923403,3769253.4392748177],[385409.5816482382,3769239.4426796273],[385396.001739546,3769230.956923982],[385385.18936768494,3769222.326645771],[385373.78948438703,3769210.9309238126],[385362.44684175064,3769196.650987264]]]},"properties":{"GEOID":"060372071021015","POP100":165,"HU100":127,"AREALAND":22154}},{"type":"Feature","geometry":{"type":"Polygon","coordinates":[[[384645.36299813306,3769677.0671427744],[384658.1291650479,3769656.7263504835],[384663.01935627504,3769649.014114707],[384700.7768050567,3769588.996541171],[384706.11768712045,3769580.3915865594],[384736.4441106256,3769546.7495475006],[384768.2258242032,3769511.315350933],[384778.70805641456,3769500.4295911253],[384793.2919298153,3769485.27933639],[384821.0068991837,3769509.894839712],[384847.9614286208,3769540.2868074295],[384863.0457928791,3769566.1656583105],[384864.2645442315,3769567.703470307],[384869.60489162867,3769574.181746058],[384876.83702970133,3769584.407705934],[384885.40857038216,3769598.499089256],[384887.01128558686,3769601.252184369],[384877.2116499565,3769615.1239594915],[384761.2848870765,3769782.0096589634],[384755.11625482497,3769790.8465286274],[384750.53586606943,3769786.1335189654],[384645.36299813306,3769677.0671427744]]]},"properties":{"GEOID":"060372074001000","POP100":573,"HU100":313,"AREALAND":37522}},{"type":"Feature","geometry":{"type":"Polygon","coordinates":[[[385401.5055080989,3769638.688539765],[385451.6386964122,3769616.8971304717],[385523.8073544692,3769585.411829482],[385548.14053607755,3769658.64688754],[385611.9718256715,3769807.484182085],[385496.08561907173,3769856.8003898896],[385401.5055080989,3769638.688539765]]]},"properties":{"GEOID":"060372071021005","POP100":315,"HU100":86,"AREALAND":30384}},{"type":"Feature","geometry":{"type":"Polygon","coordinates":[[[384457.87657514994,3769268.3439625907],[384468.5717999912,3769259.784231804],[384487.4051734186,3769244.9142414057],[384541.85927512683,3769312.233242635],[384555.10858294606,3769323.827214605],[384604.7983215224,3769356.3804060747],[384702.42886442476,3769414.4110303465],[384750.1524100828,3769444.77093781],[384756.37927265663,3769448.2438699966],[384773.91964282945,3769463.5564653254],[384770.87509843573,3769471.246171867],[384761.688781288,3769489.9903754005],[384671.7901274313,3769437.6318593947],[384600.0229451527,3769396.1430154275],[384551.4585857817,3769365.0177655877],[384514.0231974585,3769338.192867573],[384457.87657514994,3769268.3439625907]]]},"properties":{"GEOID":"060372074001003","POP100":0,"HU100":0,"AREALAND":13367}},{"type":"Feature","geometry":{"type":"Polygon","coordinates":[[[384645.84164341766,3768900.389882835],[384595.21510286455,3768836.683353207],[384692.6264814936,3768762.961033438],[384694.91364020255,3768761.2695188182],[384695.85152509453,3768762.478059784],[384743.6627674919,3768822.448667308],[384645.84164341766,3768900.389882835]]]},"properties":{"GEOID":"060372075022004","POP100":160,"HU100":178,"AREALAND":9983}},{"type":"Feature","geometry":{"type":"Polygon","coordinates":[[[385728.3031355926,3768353.441215468],[385725.09517881967,3768279.062847127],[385820.9038437294,3768262.4882430127],[385909.89706177975,3768247.2168219495],[385998.42910148774,3768231.951878741],[386113.95538620406,3768212.1477889097],[386116.73917494284,3768228.6390196667],[386130.7607281878,3768311.981139819],[386147.4574394103,3768410.485034327],[386057.3604797498,3768425.9893820393],[385964.1309496978,3768441.9760088264],[385865.12389258365,3768445.8338545677],[385846.314530874,3768447.7248460674],[385827.804904195,3768451.497514195],[385809.87322168436,3768457.259597768],[385795.362046355,3768463.4239445133],[385787.01359285635,3768467.739285726],[385770.886680859,3768477.6940553645],[385763.29145062336,3768483.220241133],[385751.2298004944,3768493.458509283],[385734.90385851066,3768509.8481540307],[385732.4363373786,3768450.876585826],[385728.3031355926,3768353.441215468]]]},"properties":{"GEOID":"060372060521015","POP100":0,"HU100":0,"AREALAND":80864}},{"type":"Feature","geometry":{"type":"Polygon","coordinates":[[[383708.8244018912,3768768.150554449],[383726.9779502631,3768758.0563711254],[383797.758076651,3768846.1315013026],[383761.6548183035,3768867.869819361],[383708.8244018912,3768768.150554449]]]},"properties":{"GEOID":"060372092021013","POP100":0,"HU100":0,"AREALAND":3533}},{"type":"Feature","geometry":{"type":"Polygon","coordinates":[[[384840.93586176325,3768744.8479054407],[384939.4009362285,3768666.457401145],[385048.05256423075,3768802.8783835126],[384950.51784501254,3768881.8110000375],[384840.93586176325,3768744.8479054407]]]},"properties":{"GEOID":"060372074001016","POP100":27,"HU100":1,"AREALAND":21990}},{"type":"Feature","geometry":{"type":"Polygon","coordinates":[[[384195.9216592703,3768742.644423923],[384192.17120965733,3768737.921525414],[384291.65059963486,3768659.8443226023],[384294.9313753824,3768663.9076614454],[384321.4297898125,3768694.414673316],[384347.63217288203,3768723.372790077],[384374.44105081767,3768756.648834104],[384424.49547627266,3768818.697663147],[384321.5501984238,3768900.1431074464],[384195.9216592703,3768742.644423923]]]},"properties":{"GEOID":"060372075022006","POP100":0,"HU100":0,"AREALAND":26920}},{"type":"Feature","geometry":{"type":"Polygon","coordinates":[[[384611.4195455436,3768153.3079133583],[384660.43158663984,3768114.7795605324],[384785.40844533517,3768271.8485895386],[384736.6845384059,3768311.260039402],[384611.4195455436,3768153.3079133583]]]},"properties":{"GEOID":"060372073051006","POP100":101,"HU100":65,"AREALAND":12579}},{"type":"Feature","geometry":{"type":"Polygon","coordinates":[[[383877.04708441056,3768342.641952943],[383818.6298194548,3768269.1645010053],[383917.46114245325,3768190.7587983417],[383975.96635100344,3768263.9030401674],[383877.04708441056,3768342.641952943]]]},"properties":{"GEOID":"060372077122007","POP100":365,"HU100":281,"AREALAND":11848}},{"type":"Feature","geometry":{"type":"Polygon","coordinates":[[[385489.023202724,3768239.445895303],[385500.90698490303,3768229.763982538],[385614.8170657633,3768137.5524906483],[385637.590445495,3768302.8577156095],[385623.7880403156,3768306.573825766],[385601.68455041794,3768326.138999498],[385564.0343364152,3768274.0262276484],[385520.4054914017,3768269.453421901],[385489.023202724,3768239.445895303]]]},"properties":{"GEOID":"060372062021003","POP100":192,"HU100":128,"AREALAND":13621}},{"type":"Feature","geometry":{"type":"Polygon","coordinates":[[[384240.95624803455,3768191.7786961677],[384338.87284793804,3768113.721449826],[384463.8565885768,3768270.8972967267],[384366.2217180715,3768349.2825295306],[384240.95624803455,3768191.7786961677]]]},"properties":{"GEOID":"060372077122012","POP100":7,"HU100":0,"AREALAND":25183}},{"type":"Feature","geometry":{"type":"Polygon","coordinates":[[[384043.3918903721,3768349.3594126436],[383975.96635100344,3768263.9030401674],[384075.0827243065,3768186.0499911685],[384141.4884530976,3768271.186932905],[384043.3918903721,3768349.3594126436]]]},"properties":{"GEOID":"060372077122005","POP100":255,"HU100":191,"AREALAND":13637}},{"type":"Feature","geometry":{"type":"Polygon","coordinates":[[[383885.0966887373,3767442.987254404],[383933.8273292205,3767404.014997119],[384059.559868799,3767560.733118149],[384010.92459332326,3767599.9253315474],[383885.0966887373,3767442.987254404]]]},"properties":{"GEOID":"060372079021005","POP100":136,"HU100":219,"AREALAND":12556}},{"type":"Feature","geometry":{"type":"Polygon","coordinates":[[[384161.771506086,3767478.629014853],[384200.44762281136,3767425.252966819],[384315.9094728121,3767512.673413398],[384326.63927934057,3767514.316522691],[384372.3940838575,3767548.9133539763],[384325.68796133506,3767602.4979298846],[384161.771506086,3767478.629014853]]]},"properties":{"GEOID":"060372073032003","POP100":15,"HU100":2,"AREALAND":14043}},{"type":"Feature","geometry":{"type":"Polygon","coordinates":[[[385763.8727780725,3768920.400481526],[385768.66414059396,3768919.6770583517],[385791.98028344876,3768916.5114730382],[385795.4728504127,3768915.249258616],[385798.4062037668,3768913.5501473374],[385801.60172978847,3768910.6279802015],[385811.94382535235,3768895.6416417523],[385817.13231975626,3768889.590059917],[385821.1518475225,3768886.1034103204],[385825.4535839896,3768883.0569295757],[385834.077178599,3768878.627363911],[385841.52777862415,3768876.430058527],[385948.4099912905,3768852.402852691],[385959.09775157843,3768850.7211347814],[385969.1407203588,3768849.158070514],[385990.07476964185,3768847.4634987144],[386077.1966939431,3768845.8573683226],[386087.8055752807,3768845.2857033773],[386120.1871668473,3768843.6751060723],[386142.598072067,3768841.963060366],[386166.85485473316,3768840.228813016],[386189.07578094926,3768838.0755860675],[386202.90164579044,3768836.356235413],[386232.02754779893,3768832.6781228497],[386253.12618238747,3768829.318594158],[386274.4977497317,3768825.623096488],[386320.4474062226,3768816.197349225],[386359.8412535427,3768806.6289316597],[386364.4219279462,3768834.410877026],[386366.61392937973,3768847.804036149],[386366.6030574264,3768854.5693159695],[386366.0250717525,3768860.232382155],[386364.8009562684,3768865.903304111],[386362.6618759485,3768872.2506055357],[386359.7804659192,3768878.274111945],[386353.2472134014,3768887.668748545],[386349.2355906591,3768891.820517686],[386338.3710206888,3768901.8218057784],[386286.5637384794,3768946.0312494515],[386286.07508433936,3768966.7762732846],[386285.58117616107,3768987.077822942],[386315.46760438755,3769115.589179297],[386305.4488324531,3769119.1478593755],[386213.90305441694,3769151.7477582614],[386153.51580627577,3769173.2149819476],[386087.3397533126,3769196.859631189],[385833.3872161663,3769287.2095869426],[385800.85678617255,3769116.143924948],[385793.5588586036,3769077.5263784793],[385781.03512236185,3769011.3567075273],[385763.8727780725,3768920.400481526]]]},"properties":{"GEOID":"060372060201013","POP100":545,"HU100":302,"AREALAND":186160}},{"type":"Feature","geometry":{"type":"Polygon","coordinates":[[[384387.05463707517,3768075.3127529826],[384437.3394516378,3768035.2149689426],[384562.1378155432,3768192.3943257295],[384511.30498448346,3768232.941777483],[384493.6819663756,3768211.0871811234],[384483.80020212726,3768195.681250844],[384387.05463707517,3768075.3127529826]]]},"properties":{"GEOID":"060372073051008","POP100":331,"HU100":268,"AREALAND":12866}},{"type":"Feature","geometry":{"type":"Polygon","coordinates":[[[385316.3984094221,3768939.355701021],[385405.2865965479,3768847.555982128],[385514.6063075979,3768986.524678437],[385519.3887079944,3768992.6774221985],[385502.8405012791,3769005.8539804146],[385420.9199035785,3769070.8401124943],[385316.3984094221,3768939.355701021]]]},"properties":{"GEOID":"060372074001020","POP100":0,"HU100":0,"AREALAND":22262}},{"type":"Feature","geometry":{"type":"Polygon","coordinates":[[[385477.7762912536,3767776.3323622625],[385547.9341822906,3767722.4693853534],[385575.3812524695,3767762.8389492165],[385584.9005977182,3767916.105047488],[385477.7762912536,3767776.3323622625]]]},"properties":{"GEOID":"060372062021015","POP100":103,"HU100":0,"AREALAND":9704}},{"type":"Feature","geometry":{"type":"Polygon","coordinates":[[[385011.6151032279,3767834.565098617],[385024.78191177023,3767824.0906550167],[385085.21263074,3767798.068817567],[385186.05297461455,3767754.587690827],[385227.9654983864,3767838.0333974618],[385182.5025712746,3767857.439765962],[385066.5709343047,3767904.875489835],[385064.9638783302,3767901.7896481296],[385011.6151032279,3767834.565098617]]]},"properties":{"GEOID":"060372062011005","POP100":183,"HU100":152,"AREALAND":16876}},{"type":"Feature","geometry":{"type":"Polygon","coordinates":[[[383664.0071635853,3769783.1596911363],[383670.6601942603,3769768.770861728],[383729.42942433746,3769736.549388825],[383742.20494585077,3769739.6082713665],[383775.5728999137,3769720.897869715],[383755.3987974557,3769746.6546732094],[383742.51514696504,3769749.8078214773],[383677.33499958646,3769786.1008165963],[383664.0071635853,3769783.1596911363]]]},"properties":{"GEOID":"060372083021009","POP100":0,"HU100":0,"AREALAND":1765}},{"type":"Feature","geometry":{"type":"Polygon","coordinates":[[[384239.06316856074,3767381.9701528545],[384307.64117061644,3767304.93804576],[384462.61779426795,3767445.1110335104],[384405.715645144,3767510.5759063326],[384341.3179086331,3767461.4567620233],[384239.06316856074,3767381.9701528545]]]},"properties":{"GEOID":"060372260021016","POP100":99,"HU100":98,"AREALAND":19947}},{"type":"Feature","geometry":{"type":"Polygon","coordinates":[[[384876.8987190869,3767173.880730654],[384947.2498237069,3767113.0240366054],[385063.220832749,3767242.591208583],[384999.35530221625,3767297.7119279513],[384992.7762931831,3767303.337314864],[384876.8987190869,3767173.880730654]]]},"properties":{"GEOID":"060372260021005","POP100":72,"HU100":11,"AREALAND":16175}},{"type":"Feature","geometry":{"type":"Polygon","coordinates":[[[384915.48225624725,3767370.1562081114],[384992.7762931831,3767303.337314864],[384999.35530221625,3767297.7119279513],[385138.7621095262,3767479.4527193713],[385058.35762126016,3767540.9848834863],[385035.1008272447,3767503.7820450515],[384915.48225624725,3767370.1562081114]]]},"properties":{"GEOID":"060372063031007","POP100":135,"HU100":60,"AREALAND":23277}},{"type":"Feature","geometry":{"type":"Polygon","coordinates":[[[385033.6511222821,3769894.2517076586],[384988.4352192014,3769804.3036637907],[385140.9266527459,3769645.7375037805],[385156.7340825058,3769662.8463750705],[385160.8198727225,3769672.4454008387],[385163.9882378449,3769682.499290153],[385166.3272386843,3769692.674104462],[385168.07428679586,3769707.292377935],[385168.2280789153,3769719.9337360812],[385166.9961832228,3769732.481008601],[385165.87193847203,3769738.7053593104],[385161.02951939084,3769757.950903112],[385159.4721706699,3769766.5095545994],[385158.31233048736,3769777.3924064385],[385158.0970507753,3769790.038245187],[385053.0215287205,3769878.045343523],[385033.6511222821,3769894.2517076586]]]},"properties":{"GEOID":"060372071011004","POP100":481,"HU100":271,"AREALAND":22093}},{"type":"Feature","geometry":{"type":"Polygon","coordinates":[[[385694.1328237531,3769511.2594044833],[385761.6216864978,3769481.9397373796],[385852.01237564295,3769705.318126522],[385787.63983987167,3769732.714056472],[385694.1328237531,3769511.2594044833]]]},"properties":{"GEOID":"060372071021002","POP100":20,"HU100":1,"AREALAND":17280}},{"type":"Feature","geometry":{"type":"Polygon","coordinates":[[[383581.8435855096,3769632.3423371525],[383518.3809305673,3769516.1192823015],[383629.67356052215,3769453.97014205],[383655.9265945073,3769502.0015968084],[383720.51828287874,3769620.0968930856],[383621.45318019786,3769610.7817143253],[383581.8435855096,3769632.3423371525]]]},"properties":{"GEOID":"060372083023003","POP100":319,"HU100":162,"AREALAND":19270}},{"type":"Feature","geometry":{"type":"Polygon","coordinates":[[[385629.9492758103,3769539.09768983],[385694.1328237531,3769511.2594044833],[385787.63983987167,3769732.714056472],[385725.1041258243,3769759.3118072175],[385629.9492758103,3769539.09768983]]]},"properties":{"GEOID":"060372071021003","POP100":41,"HU100":20,"AREALAND":16567}},{"type":"Feature","geometry":{"type":"Polygon","coordinates":[[[383221.9245791346,3769734.8293652437],[383222.34530813375,3769724.066267688],[383224.5235967482,3769713.6141166575],[383228.091645863,3769703.588393345],[383236.89779106784,3769676.751090525],[383243.128964993,3769658.152675732],[383245.9076564295,3769651.4638808123],[383252.5767058863,3769638.405400754],[383262.09434646275,3769624.313478897],[383274.61377126595,3769606.635504959],[383281.65747660596,3769594.015991345],[383292.5788946155,3769603.8624806646],[383302.09262169595,3769611.841067554],[383331.35827373614,3769634.658676114],[383351.19428811665,3769648.83134462],[383379.72820031614,3769672.212689356],[383367.2654093878,3769687.006295701],[383356.63467244327,3769700.668220405],[383349.6832286762,3769713.2864782345],[383347.15618347394,3769725.4064967628],[383347.14887877123,3769732.282812403],[383348.5588091305,3769741.8033027174],[383376.0191392211,3769790.373599418],[383442.07149017294,3769907.0072918623],[383378.910126261,3769942.1685013296],[383339.2412042517,3769906.5032601347],[383331.39989690145,3769899.391305652],[383251.03498719604,3769827.1869130367],[383246.26929139113,3769822.476905094],[383242.42236410966,3769817.422750008],[383238.83716178633,3769811.1454861714],[383236.3649593108,3769805.2979948544],[383234.72200136085,3769799.329396993],[383223.06330474047,3769744.796825857],[383221.9245791346,3769734.8293652437]]]},"properties":{"GEOID":"060372083023000","POP100":246,"HU100":65,"AREALAND":38313}},{"type":"Feature","geometry":{"type":"Polygon","coordinates":[[[383863.461581339,3767718.2990973527],[383913.46929994563,3767678.201985077],[383962.19606462726,3767639.0080961166],[384087.9496065549,3767797.722532402],[383989.2035886557,3767876.014263794],[383863.461581339,3767718.2990973527]]]},"properties":{"GEOID":"060372077121005","POP100":675,"HU100":513,"AREALAND":25539}},{"type":"Feature","geometry":{"type":"Polygon","coordinates":[[[383639.34416250477,3767639.3198765595],[383737.902765258,3767560.8049908974],[383863.461581339,3767718.2990973527],[383765.6340110032,3767796.1382788527],[383639.34416250477,3767639.3198765595]]]},"properties":{"GEOID":"060372079021001","POP100":359,"HU100":158,"AREALAND":25288}},{"type":"Feature","geometry":{"type":"Polygon","coordinates":[[[385133.57389722933,3767181.84681172],[385178.52595567465,3767142.9272534796],[385198.0789947517,3767126.0538844094],[385346.86348106695,3767319.8832094492],[385292.9843812047,3767361.128492062],[385279.08086362755,3767371.833300077],[385133.57389722933,3767181.84681172]]]},"properties":{"GEOID":"060372063031012","POP100":180,"HU100":96,"AREALAND":20630}},{"type":"Feature","geometry":{"type":"Polygon","coordinates":[[[385906.8675085519,3769837.4082271485],[385852.01237564295,3769705.318126522],[385908.67179963214,3769681.232113096],[385931.7335620839,3769802.283493063],[385935.0845688361,3769827.529328838],[385916.4266109206,3769834.0764230117],[385906.8675085519,3769837.4082271485]]]},"properties":{"GEOID":"060372071032014","POP100":150,"HU100":123,"AREALAND":6689}}]}